,품종,성별,무게(Kg),나이,성격,색,중성화유무,건강,상태
1,믹스견,수컷,9.3,44,사람을 잘 따름,검정색계열,아니오,미상,미입양
2,비숑 프리제,수컷,4.3,68,사람을 잘 따름,흰색계열,예,우측 결막염,입양
3,비숑 프리제,수컷,6,32,사람을 잘 따름,흰색계열,예,유치 잔존(견치),입양
4,푸들,수컷,4.5,44,사람을 잘 따름,갈색계열,예,미상,입양
5,비숑 프리제,암컷,5.2,67,사람을 잘 따름,흰색계열,미상,"좌측 피부염 심함, 항문탈장",입양
6,말티즈,수컷,2.6,67,사람을 잘 따름,흰색계열,예,미상,입양
7,웰시 코기 카디건,수컷,6,7,중립,혼합색계열,아니오,미상,입양
8,웰시 코기 카디건,암컷,6,7,중립,혼합색계열,아니오,미상,입양
9,푸들,수컷,2.6,7,사람을 잘 따름,갈색계열,아니오,미상,입양
10,믹스견,암컷,23,79,중립,갈색계열,미상,심장사상충 양성,미입양
11,믹스견,암컷,0.1,7,중립,흰색계열,아니오,"구더기 많음, 수유 필요",미입양
12,믹스견,암컷,0.1,7,중립,흰색계열,아니오,"구더기 많음, 수유 필요",미입양
13,믹스견,수컷,0.1,7,중립,흰색계열,아니오,"구더기 많음, 수유 필요",미입양
14,믹스견,암컷,0.1,7,중립,흰색계열,아니오,"구더기 많음, 수유 필요",미입양
15,믹스견,암컷,0.1,7,중립,검정색계열,아니오,"구더기 많음, 수유 필요",미입양
16,잉글리쉬 포인터,암컷,11.3,7,사람을 잘 따름,혼합색계열,미상,미상,입양
17,포메라니안,암컷,2.5,7,중립,흰색계열,아니오,미상,입양
18,믹스견,수컷,6,7,중립,검정색계열,아니오,미상,입양
19,믹스견,수컷,4.4,7,사람을 잘 따름,갈색계열,아니오,미상,미입양
20,믹스견,암컷,1.3,7,사람을 잘 따름,흰색계열,아니오,미상,입양
21,믹스견,암컷,1.1,7,사람을 잘 따름,혼합색계열,아니오,미상,미입양
22,믹스견,암컷,2.4,7,중립,흰색계열,아니오,미상,입양
23,치와와,수컷,4.1,91,사람을 잘 따름,혼합색계열,예,비만과 탈모 있음,입양
24,이탈리안 그레이 하운드,수컷,5.5,67,사람을 잘 따름,혼합색계열,아니오,미상,입양
25,말티즈,수컷,2.2,138,사람을 잘 따름,흰색계열,아니오,"백내장, 치석 심하고 치주염 있음",미입양
26,믹스견,암컷,3.2,6,사람을 잘 따름,갈색계열,아니오,미상,미입양
27,믹스견,암컷,5.8,66,사람을 잘 따름,갈색계열,미상,사상충양성,입양
28,푸들,암컷,3.8,90,사람을 잘 따름,갈색계열,미상,미상,입양
29,믹스견,수컷,3.5,6,사람을 경계함,혼합색계열,아니오,미상,입양
30,믹스견,암컷,2.8,6,사람을 경계함,혼합색계열,아니오,미상,입양
31,믹스견,수컷,2.6,6,중립,혼합색계열,아니오,미상,미입양
32,믹스견,수컷,2.9,6,중립,갈색계열,아니오,미상,미입양
33,믹스견,수컷,3,6,중립,흰색계열,아니오,미상,미입양
34,믹스견,수컷,2.5,6,중립,갈색계열,아니오,미상,미입양
35,포메라니안,수컷,3.6,90,사람을 잘 따름,혼합색계열,예,치석있음,입양
36,시츄,암컷,4.5,114,사람을 잘 따름,혼합색계열,미상,피부염 있음,입양
37,시츄,암컷,3.9,78,사람을 잘 따름,혼합색계열,미상,피부 상태 심함,입양
38,믹스견,수컷,2.3,6,중립,갈색계열,아니오,미상,미입양
39,믹스견,암컷,1.3,6,중립,갈색계열,아니오,미상,미입양
40,믹스견,수컷,2,6,중립,갈색계열,아니오,미상,미입양
41,믹스견,암컷,0.9,6,사람을 잘 따름,혼합색계열,아니오,미상,입양
42,믹스견,암컷,1,6,사람을 잘 따름,혼합색계열,아니오,미상,입양
43,믹스견,암컷,1.8,6,중립,흰색계열,미상,발바닥 습진 있음,입양
44,요크셔 테리어,암컷,1.8,78,사람을 잘 따름,갈색계열,미상,미상,입양
45,믹스견,암컷,2.5,6,중립,갈색계열,아니오,미상,미입양
46,믹스견,수컷,2.5,6,중립,흰색계열,아니오,미상,미입양
47,믹스견,암컷,3,6,사람을 잘 따름,혼합색계열,아니오,미상,입양
48,믹스견,암컷,2,6,사람을 잘 따름,흰색계열,아니오,미상,입양
49,믹스견,암컷,2,5,중립,갈색계열,아니오,미상,미입양
50,믹스견,수컷,3,5,중립,갈색계열,아니오,미상,미입양
51,믹스견,수컷,5,41,사람을 잘 따름,갈색계열,예,머리털 묶여있던 자국있음,입양
52,믹스견,암컷,10,41,사람을 경계함,혼합색계열,아니오,양측 대퇴 골절,미입양
53,말티즈,수컷,3,149,중립,흰색계열,아니오,미상,입양
54,웰시 코기 카디건,암컷,12,41,중립,혼합색계열,미상,미상,입양
55,믹스견,수컷,7,29,사람을 경계함,혼합색계열,예,미상,미입양
56,믹스견,수컷,7,5,중립,갈색계열,아니오,미상,미입양
57,믹스견,암컷,0.5,5,중립,흰색계열,아니오,미상,입양
58,믹스견,수컷,0.5,5,중립,흰색계열,아니오,미상,입양
59,믹스견,암컷,0.5,5,중립,흰색계열,아니오,미상,미입양
60,믹스견,수컷,0.5,5,중립,흰색계열,아니오,미상,미입양
61,믹스견,수컷,0.5,5,중립,흰색계열,아니오,미상,입양
62,믹스견,수컷,0.5,5,중립,흰색계열,아니오,미상,미입양
63,믹스견,수컷,0.5,5,중립,흰색계열,아니오,미상,입양
64,믹스견,암컷,0.5,5,중립,흰색계열,아니오,미상,미입양
65,믹스견,수컷,0.5,5,중립,흰색계열,아니오,미상,미입양
66,믹스견,수컷,20,41,사람을 경계함,흰색계열,아니오,마취된 채 구조,미입양
67,믹스견,수컷,20,41,사람을 경계함,흰색계열,아니오,마취된 채 구조,미입양
68,믹스견,암컷,15,41,사람을 경계함,갈색계열,미상,마른 편,미입양
69,웰시 코기 카디건,암컷,6,65,사람을 잘 따름,혼합색계열,미상,미상,입양
70,믹스견,암컷,3,41,사람을 잘 따름,흰색계열,미상,"털 엉킨 상태, 우측 안구천공, 항문 주변 피부 염증, 탈장",입양
71,믹스견,암컷,3,52,사람을 잘 따름,혼합색계열,미상,오른쪽 눈이 살짝 파란끼가 돌고있음,입양
72,믹스견,수컷,4,40,사람을 잘 따름,흰색계열,아니오,미상,입양
73,셔틀랜드 쉽독,수컷,15,100,사람을 잘 따름,혼합색계열,아니오,"심장사상충 양성, 외이염 심함",입양
74,토이 푸들,암컷,5,64,사람을 잘 따름,갈색계열,미상,미상,입양
75,말티즈,수컷,5,88,중립,흰색계열,예,미상,입양
76,비숑 프리제,암컷,8,40,사람을 잘 따름,흰색계열,미상,미상,입양
77,믹스견,암컷,5,4,사람을 경계함,혼합색계열,아니오,미상,입양
78,말티즈,수컷,5,88,사람을 잘 따름,흰색계열,아니오,결막염과 피부염 있음,입양
79,믹스견,암컷,7,28,사람을 경계함,황색계열,예,진드기 감염,입양
80,믹스견,수컷,10,4,사람을 잘 따름,흰색계열,예,미상,입양
81,믹스견,암컷,2,4,사람을 잘 따름,흰색계열,아니오,진드기가 많음,입양
82,시바,수컷,10,28,사람을 잘 따름,혼합색계열,예,미상,입양
83,시베리안 허스키,암컷,25,28,사람을 잘 따름,혼합색계열,미상,미상,입양
84,믹스견,암컷,8,52,사람을 경계함,혼합색계열,미상,좌측안구 및 안구주변 부종,미입양
85,포메라니안,수컷,1,4,사람을 잘 따름,혼합색계열,아니오,미상,입양
86,포메라니안,수컷,3,148,사람을 잘 따름,흰색계열,아니오,미상,입양
87,믹스견,암컷,1,4,사람을 잘 따름,혼합색계열,아니오,미상,입양
88,믹스견,수컷,1,4,사람을 잘 따름,혼합색계열,아니오,미상,입양
89,포메라니안,수컷,4,4,사람을 잘 따름,혼합색계열,예,미상,입양
90,비숑 프리제,수컷,5,148,사람을 잘 따름,흰색계열,예,머리 부위에 상처 있음,입양
91,믹스견,암컷,18,52,사람을 경계함,흰색계열,아니오,"사상충 양성, 임신견",미입양
92,믹스견,수컷,6,64,사람을 경계함,혼합색계열,아니오,미상,미입양
93,시바,암컷,8,28,중립,혼합색계열,미상,미상,입양
94,믹스견,암컷,10,148,사람을 잘 따름,혼합색계열,미상,미상,입양
95,믹스견,수컷,3,4,사람을 잘 따름,혼합색계열,아니오,미상,미입양
96,믹스견,수컷,3,4,사람을 잘 따름,혼합색계열,아니오,미상,입양
97,믹스견,암컷,3,4,사람을 잘 따름,혼합색계열,아니오,미상,미입양
98,믹스견,암컷,12,64,사람을 경계함,흰색계열,미상,미상,미입양
99,믹스견,암컷,10,64,사람을 경계함,흰색계열,미상,미상,미입양
100,믹스견,암컷,0.5,4,중립,혼합색계열,아니오,미상,입양
101,믹스견,암컷,5.2,4,중립,혼합색계열,아니오,미상,미입양
102,믹스견,수컷,5.7,4,중립,혼합색계열,아니오,미상,미입양
103,믹스견,암컷,12,64,사람을 경계함,혼합색계열,아니오,미상,미입양
104,믹스견,암컷,12,64,사람을 경계함,갈색계열,미상,미상,미입양
105,믹스견,수컷,3,4,중립,검정색계열,아니오,미상,미입양
106,믹스견,수컷,4,4,중립,혼합색계열,아니오,미상,미입양
107,믹스견,암컷,3,4,중립,흰색계열,아니오,미상,미입양
108,포메라니안,수컷,4,40,사람을 잘 따름,흰색계열,아니오,미상,입양
109,믹스견,암컷,7,3,사람을 잘 따름,흰색계열,아니오,미상,미입양
110,믹스견,수컷,12,27,사람을 잘 따름,흰색계열,아니오,심장사상충양성,미입양
111,믹스견,수컷,10,39,중립,흰색계열,아니오,미상,미입양
112,포메라니안,수컷,4,147,사람을 잘 따름,흰색계열,아니오,털 관리가 잘되어있음,입양
113,믹스견,수컷,25,39,사람을 경계함,흰색계열,미상,교통사고 추정,미입양
114,믹스견,암컷,20,39,중립,흰색계열,미상,심장사상충 양성,미입양
115,믹스견,암컷,15,3,사람을 경계함,흰색계열,미상,미상,미입양
116,포메라니안,암컷,4,27,사람을 잘 따름,혼합색계열,미상,미상,입양
117,믹스견,암컷,2,3,사람을 잘 따름,흰색계열,미상,미상,미입양
118,믹스견,암컷,2,3,사람을 잘 따름,갈색계열,미상,전신 피부염,미입양
119,믹스견,암컷,2,3,사람을 잘 따름,혼합색계열,미상,전신 피부염,미입양
120,믹스견,수컷,22.5,63,사람을 잘 따름,혼합색계열,예,미상,입양
121,푸들,암컷,3,135,중립,갈색계열,미상,"치아 없음, 치주염 및 치석 심함",미입양
122,포메라니안,암컷,2,27,사람을 잘 따름,흰색계열,미상,"유치잔존, 미용이 되어있음",입양
123,스피츠,수컷,5,39,사람을 잘 따름,흰색계열,아니오,미상,입양
124,믹스견,암컷,12,3,사람을 잘 따름,갈색계열,미상,미상,입양
125,믹스견,암컷,8,3,사람을 잘 따름,혼합색계열,미상,미상,입양
126,믹스견,암컷,8,51,사람을 잘 따름,흰색계열,미상,미상,미입양
127,믹스견,수컷,6,3,사람을 잘 따름,갈색계열,아니오,미상,입양
128,믹스견,수컷,10,3,사람을 경계함,흰색계열,아니오,미상,입양
129,믹스견,수컷,8,63,사람을 잘 따름,갈색계열,아니오,심장사사충 양성,미입양
130,믹스견,암컷,30,63,사람을 잘 따름,검정색계열,예,미상,입양
131,믹스견,암컷,30,63,사람을 경계함,갈색계열,예,미상,입양
132,믹스견,수컷,30,63,사람을 경계함,검정색계열,예,미상,입양
133,믹스견,수컷,3,3,사람을 잘 따름,흰색계열,아니오,미상,입양
134,믹스견,수컷,30,63,중립,갈색계열,아니오,눈물자국 있음,미입양
135,믹스견,암컷,10,3,사람을 잘 따름,흰색계열,아니오,미상,미입양
136,믹스견,수컷,3,3,사람을 잘 따름,갈색계열,아니오,미상,입양
137,라브라도 리트리버,수컷,45,39,사람을 잘 따름,검정색계열,예,미상,입양
138,믹스견,암컷,3,63,중립,혼합색계열,예,복부 수술자국 (중성화 수술로 추정),입양
139,믹스견,암컷,15,39,중립,흰색계열,아니오,예후불량,미입양
140,믹스견,암컷,4,63,중립,갈색계열,아니오,심장 사상충 양성,미입양
141,말티즈,수컷,4,87,사람을 잘 따름,흰색계열,예,"눈물자국 심함, 털이 많이 엉킴",입양
142,말티즈,수컷,0.2,3,중립,흰색계열,아니오,예후불량,미입양
143,시바,수컷,20,27,사람을 잘 따름,갈색계열,아니오,미상,미입양
144,믹스견,암컷,15,27,사람을 잘 따름,갈색계열,미상,좌측후지 대퇴골 원위부 골절,미입양
145,믹스견,수컷,30,63,사람을 경계함,갈색계열,아니오,미상,미입양
146,믹스견,수컷,30,63,사람을 경계함,흰색계열,미상,좌측 옆구리 쪽 피부염,미입양
147,비숑 프리제,수컷,3,147,사람을 잘 따름,흰색계열,아니오,"편측 잠복고환 추정, 유치 잔존, 부정교합",입양
148,믹스견,암컷,10,51,중립,갈색계열,미상,"심장사상충 양성, 진드기 감염",미입양
149,웰시 코기 카디건,수컷,15,27,사람을 잘 따름,혼합색계열,아니오,미상,입양
150,말티즈,수컷,2,2,사람을 잘 따름,흰색계열,아니오,미상,입양
151,믹스견,암컷,3,2,중립,혼합색계열,아니오,전신 모낭충이 심함,미입양
152,믹스견,암컷,2,2,중립,혼합색계열,아니오,전신 모낭충이 심함,미입양
153,믹스견,수컷,2,2,중립,혼합색계열,아니오,전신 모낭충이 심함,미입양
154,믹스견,수컷,2,2,중립,흰색계열,아니오,전신 모낭충이 심함,미입양
155,믹스견,수컷,2,2,중립,검정색계열,아니오,전신 모낭충이 심함,미입양
156,믹스견,암컷,10,50,중립,갈색계열,아니오,전신 모낭충이 심함,미입양
157,스피츠,수컷,6,2,사람을 잘 따름,흰색계열,아니오,외이염 추정,입양
158,비숑 프리제,수컷,4,146,사람을 잘 따름,흰색계열,아니오,유치잔존,입양
159,믹스견,암컷,2,2,중립,혼합색계열,아니오,미상,미입양
160,믹스견,수컷,2,2,중립,혼합색계열,아니오,미상,입양
161,믹스견,암컷,2,2,중립,혼합색계열,아니오,미상,입양
162,진도견,수컷,25,38,사람을 경계함,흰색계열,아니오,미상,미입양
163,비숑 프리제,수컷,6,86,사람을 잘 따름,흰색계열,아니오,"치주염, 생식기 쪽 사마귀",입양
164,보스턴 테리어,암컷,10,26,사람을 잘 따름,혼합색계열,미상,미상,입양
165,미디엄 푸들,수컷,4,50,사람을 잘 따름,갈색계열,아니오,미상,입양
166,시츄,수컷,8,26,사람을 잘 따름,혼합색계열,예,왼쪽 눈에 눈꼽이 심함,입양
167,믹스견,암컷,10,38,사람을 경계함,혼합색계열,미상,미상,미입양
168,믹스견,수컷,30,74,사람을 잘 따름,흰색계열,아니오,미상,미입양
169,믹스견,암컷,25,62,사람을 잘 따름,흰색계열,미상,미상,입양
170,믹스견,암컷,15,2,중립,흰색계열,미상,미상,미입양
171,믹스견,수컷,15,2,사람을 경계함,흰색계열,아니오,미상,미입양
172,믹스견,수컷,15,2,중립,흰색계열,아니오,미상,미입양
173,믹스견,수컷,9,146,사람을 잘 따름,혼합색계열,아니오,미상,입양
174,믹스견,암컷,25,74,사람을 경계함,흰색계열,미상,배가 불러있음,미입양
175,푸들,암컷,3,2,중립,갈색계열,미상,우측 전지 골절,입양
176,믹스견,수컷,2.5,2,중립,흰색계열,아니오,미상,입양
177,믹스견,수컷,20,38,사람을 잘 따름,혼합색계열,아니오,미상,미입양
178,말티즈,수컷,3,2,사람을 잘 따름,흰색계열,아니오,미상,입양
179,비숑 프리제,수컷,2,2,중립,흰색계열,아니오,미상,입양
180,비숑 프리제,수컷,4,26,중립,흰색계열,예,눈꼽이 심함,입양
181,포메라니안,수컷,3,62,중립,흰색계열,아니오,"잠복고환, 등쪽엉덩이 피부염 추정",입양
182,믹스견,암컷,1,1,사람을 잘 따름,흰색계열,아니오,미상,미입양
183,말티즈,암컷,3,85,중립,혼합색계열,미상,유선종양 있음,입양
184,진도견,암컷,25,49,사람을 잘 따름,흰색계열,미상,미상,미입양
185,믹스견,암컷,1,1,사람을 잘 따름,혼합색계열,아니오,미상,입양
186,진도견,수컷,30,61,사람을 잘 따름,흰색계열,아니오,미상,입양
187,시베리안 허스키,암컷,30,49,사람을 잘 따름,혼합색계열,아니오,배가 불러있음,미입양
188,믹스견,암컷,1,1,중립,흰색계열,아니오,미상,미입양
189,믹스견,암컷,1,1,중립,흰색계열,아니오,미상,미입양
190,믹스견,수컷,1,1,사람을 잘 따름,혼합색계열,아니오,미상,입양
191,진도견,수컷,30,25,사람을 잘 따름,흰색계열,아니오,미상,입양
192,믹스견,암컷,15,61,사람을 경계함,혼합색계열,미상,미상,미입양
193,믹스견,수컷,20,61,중립,갈색계열,아니오,좌측전지 발가락 덫에 걸림,미입양
194,스피츠,암컷,6,61,중립,흰색계열,미상,좌측후지 골절 추정,입양
195,믹스견,암컷,6,61,사람을 잘 따름,갈색계열,미상,털 길게 있었으나 구조자가 습득 후 미용,입양
196,믹스견,수컷,12,1,사람을 경계함,갈색계열,아니오,미상,미입양
197,믹스견,수컷,15,1,사람을 경계함,갈색계열,아니오,미상,미입양
198,믹스견,수컷,1,1,중립,검정색계열,아니오,미상,미입양
199,믹스견,암컷,1,1,중립,검정색계열,아니오,미상,미입양
200,믹스견,수컷,1,1,중립,검정색계열,아니오,미상,미입양
201,믹스견,수컷,1,1,중립,검정색계열,아니오,미상,미입양
202,믹스견,수컷,1,1,중립,검정색계열,아니오,미상,입양
203,믹스견,수컷,1,1,중립,검정색계열,아니오,미상,미입양
204,시츄,수컷,8,61,사람을 잘 따름,혼합색계열,예,털 많이 엉켜있음,입양
205,믹스견,수컷,1,1,중립,혼합색계열,아니오,미상,미입양
206,믹스견,암컷,1,1,중립,갈색계열,아니오,미상,입양
207,믹스견,수컷,1,1,중립,갈색계열,아니오,미상,미입양
208,믹스견,수컷,1,1,중립,검정색계열,아니오,미상,입양
209,믹스견,암컷,1,1,중립,흰색계열,아니오,미상,미입양
210,믹스견,수컷,1,1,중립,검정색계열,아니오,미상,미입양
211,믹스견,암컷,1,1,중립,검정색계열,아니오,미상,미입양
212,믹스견,암컷,0.5,1,중립,혼합색계열,아니오,미상,미입양
213,믹스견,수컷,0.5,1,중립,흰색계열,아니오,미상,미입양
214,믹스견,암컷,0.5,1,중립,흰색계열,아니오,미상,입양
215,믹스견,수컷,0.2,1,중립,흰색계열,아니오,미상,미입양
216,믹스견,암컷,0.5,1,중립,흰색계열,아니오,미상,미입양
217,믹스견,암컷,15,37,사람을 경계함,흰색계열,아니오,미상,미입양
218,믹스견,수컷,15,37,사람을 경계함,혼합색계열,아니오,미상,미입양
219,믹스견,수컷,4,1,사람을 경계함,갈색계열,아니오,미상,미입양
220,믹스견,암컷,20,61,사람을 경계함,흰색계열,미상,미상,미입양
221,믹스견,암컷,15,37,사람을 잘 따름,혼합색계열,아니오,미상,입양
222,믹스견,암컷,0.25,1,중립,황색계열,아니오,미상,입양
223,믹스견,암컷,0.25,1,중립,혼합색계열,아니오,미상,미입양
224,믹스견,수컷,0.25,1,중립,갈색계열,아니오,미상,입양
225,믹스견,수컷,0.25,1,중립,흰색계열,아니오,미상,입양
226,믹스견,암컷,0.25,1,중립,갈색계열,아니오,미상,입양
227,믹스견,수컷,0.25,1,중립,흰색계열,아니오,미상,미입양
228,믹스견,수컷,0.25,1,중립,흰색계열,아니오,미상,입양
229,말티즈,수컷,3,1,사람을 잘 따름,검정색계열,예,미상,입양
230,보더 콜리,수컷,20,37,사람을 잘 따름,혼합색계열,예,심장사상충 양성,입양
231,사모예드,암컷,15,145,사람을 잘 따름,흰색계열,미상,미상,입양
232,믹스견,수컷,3,1,사람을 경계함,혼합색계열,아니오,미상,미입양
233,믹스견,암컷,3,1,사람을 경계함,혼합색계열,아니오,미상,미입양
234,믹스견,수컷,1,1,사람을 잘 따름,갈색계열,아니오,미상,미입양
235,믹스견,암컷,4,25,중립,혼합색계열,미상,미상,입양
236,비숑 프리제,암컷,5,25,중립,흰색계열,미상,털 뭉침 심함,입양
237,포메라니안,암컷,3.5,85,사람을 경계함,혼합색계열,미상,털 뭉침 심함,입양
238,진도견,암컷,15,25,사람을 잘 따름,흰색계열,미상,목에 목줄 자국 있음,입양
239,잭 러셀 테리어,암컷,8,61,사람을 잘 따름,혼합색계열,아니오,미상,입양
240,믹스견,암컷,3,1,중립,흰색계열,아니오,미상,미입양
241,믹스견,수컷,3,1,중립,흰색계열,아니오,미상,미입양
242,믹스견,수컷,3,1,중립,흰색계열,아니오,미상,미입양
243,믹스견,수컷,3,1,중립,흰색계열,아니오,미상,미입양
244,믹스견,수컷,3,1,중립,흰색계열,아니오,미상,미입양
245,믹스견,암컷,3,1,중립,흰색계열,아니오,미상,미입양
246,믹스견,암컷,3,1,중립,흰색계열,아니오,미상,미입양
247,믹스견,수컷,3,1,중립,흰색계열,아니오,미상,미입양
248,믹스견,수컷,3,1,중립,흰색계열,아니오,미상,미입양
249,믹스견,수컷,3,1,중립,흰색계열,아니오,미상,입양
250,믹스견,수컷,3,1,중립,흰색계열,아니오,미상,미입양
251,믹스견,수컷,3,1,중립,흰색계열,아니오,미상,미입양
252,믹스견,암컷,3,1,중립,흰색계열,아니오,미상,미입양
253,믹스견,수컷,3,1,중립,흰색계열,아니오,미상,미입양
254,믹스견,수컷,3,1,중립,흰색계열,아니오,미상,미입양
255,말티즈,암컷,5,1,사람을 잘 따름,흰색계열,미상,미상,입양
256,믹스견,암컷,5,1,사람을 잘 따름,흰색계열,아니오,미상,미입양
257,믹스견,암컷,3,2,중립,회색계열,아니오,미상,입양
258,믹스견,수컷,3,12,중립,혼합색계열,아니오,미상,입양
259,믹스견,암컷,3,2,중립,혼합색계열,아니오,미상,입양
260,믹스견,수컷,3,2,중립,흰색계열,아니오,미상,입양
261,요크셔 테리어,암컷,3,108,사람을 잘 따름,혼합색계열,미상,미상,입양
262,비숑 프리제,수컷,3.5,96,중립,흰색계열,예,미상,입양
263,믹스견,암컷,3.5,12,중립,혼합색계열,아니오,미상,미입양
264,믹스견,암컷,17,72,사람을 잘 따름,흰색계열,미상,눈물자국 있음,미입양
265,포메라니안,암컷,2,48,중립,검정색계열,미상,미상,입양
266,포메라니안,수컷,4,48,사람을 잘 따름,흰색계열,아니오,미상,입양
267,믹스견,수컷,2,12,사람을 잘 따름,흰색계열,아니오,미상,입양
268,믹스견,암컷,2,2,사람을 잘 따름,흰색계열,아니오,미상,미입양
269,믹스견,수컷,2,2,사람을 잘 따름,흰색계열,아니오,미상,미입양
270,믹스견,암컷,2,2,사람을 잘 따름,흰색계열,아니오,미상,미입양
271,믹스견,수컷,2,2,사람을 잘 따름,흰색계열,아니오,미상,미입양
272,믹스견,수컷,2,2,사람을 잘 따름,흰색계열,아니오,미상,미입양
273,믹스견,암컷,2,2,사람을 잘 따름,흰색계열,아니오,미상,미입양
274,믹스견,수컷,15,36,중립,흰색계열,미상,미상,미입양
275,믹스견,수컷,2.5,2,사람을 잘 따름,흰색계열,아니오,미상,입양
276,믹스견,암컷,2.5,2,사람을 잘 따름,흰색계열,아니오,미상,입양
277,믹스견,암컷,12,156,사람을 잘 따름,흰색계열,미상,미상,미입양
278,믹스견,수컷,16,36,중립,갈색계열,아니오,미상,미입양
279,믹스견,수컷,25,48,사람을 잘 따름,흰색계열,아니오,미상,미입양
280,믹스견,암컷,20,60,중립,흰색계열,미상,"마른 편, 체구가 큼",미입양
281,믹스견,암컷,20,48,사람을 잘 따름,흰색계열,아니오,눈물자국 있음,미입양
282,믹스견,암컷,15,36,사람을 잘 따름,검정색계열,미상,좌측 완관절 골절,입양
283,믹스견,암컷,17,48,중립,혼합색계열,아니오,미상,미입양
284,믹스견,수컷,12,12,사람을 잘 따름,흰색계열,아니오,미상,미입양
285,믹스견,암컷,5,12,사람을 경계함,흰색계열,아니오,미상,미입양
286,믹스견,수컷,4,2,사람을 경계함,흰색계열,아니오,미상,미입양
287,그레이트 피레니즈,암컷,40,36,사람을 잘 따름,흰색계열,미상,미상,입양
288,믹스견,암컷,9,60,사람을 잘 따름,검정색계열,미상,미상,미입양
289,믹스견,암컷,5,12,중립,황색계열,아니오,미상,미입양
290,말티즈,암컷,5,48,사람을 잘 따름,흰색계열,아니오,털 관리 잘 되어 있음,입양
291,믹스견,수컷,3,2,중립,흰색계열,아니오,체구가 작음,입양
292,믹스견,암컷,2.5,2,중립,혼합색계열,아니오,미상,입양
293,진도견,수컷,18,36,사람을 경계함,흰색계열,미상,미상,미입양
294,믹스견,암컷,2.5,12,중립,황색계열,아니오,미상,미입양
295,믹스견,수컷,3,12,중립,흰색계열,아니오,미상,미입양
296,믹스견,암컷,3,12,중립,흰색계열,아니오,미상,미입양
297,믹스견,암컷,22,48,사람을 잘 따름,황색계열,아니오,미상,미입양
298,말티즈,수컷,4,2,사람을 잘 따름,흰색계열,아니오,털 관리 안되어 있음,입양
299,믹스견,수컷,4,12,사람을 경계함,혼합색계열,아니오,미상,미입양
300,믹스견,암컷,18,60,사람을 경계함,흰색계열,아니오,미상,미입양
301,믹스견,암컷,2.5,12,중립,흰색계열,아니오,미상,미입양
302,믹스견,암컷,2.5,12,중립,흰색계열,아니오,미상,미입양
303,믹스견,수컷,2.5,12,중립,흰색계열,아니오,미상,미입양
304,믹스견,수컷,2.5,12,중립,흰색계열,아니오,미상,미입양
305,믹스견,암컷,2.5,12,중립,흰색계열,아니오,미상,미입양
306,믹스견,암컷,3.5,12,사람을 잘 따름,흰색계열,미상,미상,입양
307,믹스견,암컷,4,12,중립,황색계열,미상,미상,미입양
308,진도견,암컷,18,36,사람을 경계함,흰색계열,미상,미상,미입양
309,믹스견,암컷,2.5,12,사람을 경계함,흰색계열,아니오,미상,미입양
310,믹스견,수컷,2.5,12,사람을 경계함,흰색계열,아니오,미상,미입양
311,믹스견,암컷,2.5,12,사람을 경계함,흰색계열,아니오,미상,미입양
312,믹스견,수컷,4,12,사람을 경계함,검정색계열,아니오,미상,미입양
313,믹스견,수컷,4,12,사람을 잘 따름,검정색계열,아니오,미상,입양
314,시츄,암컷,5,60,사람을 잘 따름,혼합색계열,미상,배꼽혹 있음,입양
315,믹스견,암컷,15,36,중립,황색계열,미상,기립불능(완관절 골절),미입양
316,그레이 하운드,암컷,30,48,중립,혼합색계열,미상,"의식불명, 예후불량",미입양
317,믹스견,암컷,16,72,중립,황색계열,미상,미상,미입양
318,시베리안 허스키,수컷,3.5,12,사람을 잘 따름,혼합색계열,아니오,미상,입양
319,믹스견,암컷,10,11,사람을 잘 따름,황색계열,아니오,미상,미입양
320,믹스견,암컷,2,2,중립,혼합색계열,아니오,미상,입양
321,믹스견,수컷,2,2,중립,황색계열,아니오,미상,입양
322,믹스견,암컷,2,11,중립,흰색계열,아니오,미상,입양
323,믹스견,수컷,2,11,중립,흰색계열,아니오,미상,미입양
324,믹스견,암컷,10,47,사람을 잘 따름,흰색계열,아니오,미상,미입양
325,믹스견,암컷,2,11,중립,혼합색계열,아니오,미상,미입양
326,믹스견,수컷,2,11,중립,혼합색계열,아니오,미상,미입양
327,믹스견,암컷,2,11,중립,혼합색계열,아니오,미상,미입양
328,말티즈,암컷,4,47,사람을 잘 따름,흰색계열,미상,털 많이 엉켜있음,입양
329,믹스견,암컷,0.5,1,중립,흰색계열,아니오,미상,입양
330,믹스견,암컷,0.5,1,중립,흰색계열,아니오,미상,입양
331,믹스견,암컷,0.5,11,중립,흰색계열,아니오,미상,입양
332,믹스견,암컷,0.5,11,중립,흰색계열,아니오,미상,입양
333,믹스견,암컷,0.5,11,중립,흰색계열,아니오,미상,입양
334,믹스견,수컷,18,35,사람을 경계함,황색계열,미상,미상,미입양
335,믹스견,암컷,3,11,사람을 잘 따름,흰색계열,아니오,미상,미입양
336,믹스견,암컷,3,2,사람을 잘 따름,흰색계열,아니오,미상,입양
337,믹스견,암컷,3,2,사람을 잘 따름,흰색계열,아니오,미상,입양
338,믹스견,수컷,3,2,사람을 잘 따름,흰색계열,아니오,미상,입양
339,믹스견,수컷,3,2,사람을 잘 따름,흰색계열,아니오,미상,입양
340,믹스견,암컷,3,11,사람을 잘 따름,흰색계열,아니오,미상,미입양
341,믹스견,암컷,3,2,사람을 잘 따름,흰색계열,아니오,미상,입양
342,믹스견,암컷,3,11,사람을 잘 따름,흰색계열,아니오,미상,미입양
343,믹스견,암컷,3,11,사람을 잘 따름,흰색계열,아니오,미상,미입양
344,믹스견,수컷,3,11,사람을 잘 따름,흰색계열,아니오,미상,미입양
345,스피츠,수컷,5.5,59,사람을 잘 따름,흰색계열,아니오,털 관리 잘 되어 있음,입양
346,올드 잉글리쉬 불독,수컷,17,59,사람을 잘 따름,갈색계열,미상,미상,미입양
347,올드 잉글리쉬 불독,수컷,17,71,사람을 잘 따름,혼합색계열,미상,피부병 있음,미입양
348,믹스견,암컷,4,11,사람을 경계함,혼합색계열,아니오,미상,입양
349,믹스견,수컷,20,47,중립,흰색계열,미상,"호흡곤란, 구강 상처 심함, 예후불량",미입양
350,말티즈,암컷,2,11,중립,흰색계열,미상,털 많이 엉켜있음,입양
351,말티즈,수컷,2,11,중립,흰색계열,미상,털 많이 엉켜있음,입양
352,말티즈,수컷,2,11,중립,흰색계열,미상,털 많이 엉켜있음,입양
353,말티즈,암컷,0.8,11,중립,흰색계열,아니오,"저체온(의식불명), 예후불량",입양
354,비숑 프리제,수컷,4,35,사람을 잘 따름,혼합색계열,아니오,미상,입양
355,스피츠,암컷,9,47,사람을 잘 따름,흰색계열,미상,미상,입양
356,시베리안 허스키,수컷,25,47,사람을 잘 따름,혼합색계열,예,털 관리 잘 되어 있음,입양
357,푸들,수컷,3.5,35,사람을 잘 따름,흰색계열,미상,미상,입양
358,요크셔 테리어,수컷,3,95,중립,혼합색계열,미상,미상,미입양
359,골든 리트리버,암컷,30,47,중립,흰색계열,미상,털이 많이 엉킴,입양
360,믹스견,암컷,12,35,사람을 경계함,황색계열,미상,오른쪽 앞다리 덫 걸림,미입양
361,믹스견,암컷,20,47,사람을 경계함,갈색계열,미상,미상,미입양
362,믹스견,수컷,9,47,사람을 경계함,황색계열,미상,미상,미입양
363,믹스견,암컷,4,11,중립,흰색계열,아니오,미상,미입양
364,비숑 프리제,수컷,8,59,사람을 잘 따름,흰색계열,예,미상,입양
365,믹스견,수컷,2.8,11,사람을 잘 따름,갈색계열,아니오,위생미용 되어 있음,입양
366,잉글리쉬 포인터,암컷,25,95,사람을 잘 따름,혼합색계열,미상,미상,미입양
367,푸들,암컷,3,95,중립,갈색계열,미상,매우 마름,입양
368,믹스견,수컷,10,59,중립,혼합색계열,미상,"기립불능, 예후불량",미입양
369,말티즈,수컷,4,35,사람을 잘 따름,흰색계열,예,털 엉켜있음,입양
370,라이카,암컷,20,58,사람을 경계함,혼합색계열,미상,이마에 상처있음,입양
371,믹스견,수컷,2.5,10,사람을 경계함,흰색계열,아니오,미상,미입양
372,시츄,암컷,3.5,46,사람을 잘 따름,혼합색계열,미상,미상,입양
373,진도견,수컷,22,82,사람을 잘 따름,검정색계열,미상,미상,입양
374,진도견,수컷,20,34,중립,황색계열,미상,미상,입양
375,믹스견,암컷,2,10,사람을 경계함,흰색계열,아니오,미상,미입양
376,푸들,암컷,3.5,82,중립,검정색계열,미상,"피부병 심함, 털 많이 빠짐",미입양
377,믹스견,암컷,6,34,사람을 경계함,흰색계열,미상,마름,미입양
378,믹스견,암컷,3.5,70,사람을 잘 따름,흰색계열,미상,미용 되어 있음,입양
379,믹스견,암컷,8,46,중립,혼합색계열,미상,미상,미입양
380,말티즈,수컷,2.5,58,사람을 잘 따름,흰색계열,아니오,미상,입양
381,말티즈,수컷,3,130,사람을 잘 따름,흰색계열,아니오,미상,입양
382,말티즈,암컷,4,130,사람을 잘 따름,흰색계열,미상,미상,입양
383,믹스견,암컷,4,10,중립,검정색계열,아니오,미상,미입양
384,라브라도 리트리버,암컷,22,46,사람을 잘 따름,검정색계열,미상,미상,입양
385,푸들,암컷,2.5,154,사람을 잘 따름,갈색계열,미상,피부병 있음(뒷다리 털 빠짐),입양
386,믹스견,암컷,4,106,중립,검정색계열,미상,"왼쪽 눈 유피낭종 있음, 백내장 있음",미입양
387,믹스견,수컷,4,10,사람을 잘 따름,흰색계열,아니오,미상,미입양
388,믹스견,수컷,4,10,사람을 잘 따름,흰색계열,아니오,미상,미입양
389,믹스견,수컷,7,154,사람을 경계함,혼합색계열,미상,미상,미입양
390,믹스견,수컷,13,154,사람을 경계함,흰색계열,미상,미상,미입양
391,믹스견,암컷,14,10,사람을 경계함,황색계열,미상,미상,미입양
392,푸들,수컷,3.5,154,사람을 잘 따름,검정색계열,미상,미상,입양
393,슈나우져,수컷,3,46,사람을 잘 따름,혼합색계열,아니오,미상,미입양
394,푸들,암컷,6,82,사람을 잘 따름,갈색계열,미상,매우 마름,미입양
395,포메라니안,수컷,8,94,사람을 잘 따름,흰색계열,예,미상,입양
396,슈나우져,수컷,3,58,중립,회색계열,아니오,"털 많이 엉켜 있음, 매우 마름",미입양
397,믹스견,암컷,10,34,사람을 경계함,혼합색계열,미상,미상,미입양
398,시츄,수컷,6,94,사람을 잘 따름,혼합색계열,예,눈물자국 심함,입양
399,믹스견,암컷,9,46,사람을 경계함,황색계열,미상,미상,미입양
400,믹스견,암컷,2.5,10,사람을 경계함,검정색계열,아니오,미상,미입양
401,믹스견,암컷,3,10,중립,흰색계열,아니오,미상,입양
402,믹스견,수컷,2.5,2,중립,혼합색계열,아니오,미상,입양
403,믹스견,암컷,3,10,중립,황색계열,아니오,미상,미입양
404,믹스견,수컷,3,10,중립,흰색계열,아니오,미상,미입양
405,믹스견,암컷,3,10,중립,혼합색계열,아니오,미상,미입양
406,믹스견,암컷,3,10,중립,갈색계열,아니오,미상,미입양
407,믹스견,수컷,2.5,10,사람을 잘 따름,혼합색계열,아니오,미상,미입양
408,믹스견,암컷,2.5,10,중립,갈색계열,아니오,미상,미입양
409,믹스견,암컷,2.5,10,중립,황색계열,아니오,미상,미입양
410,믹스견,암컷,2.5,10,중립,검정색계열,아니오,미상,입양
411,믹스견,암컷,10,34,사람을 잘 따름,흰색계열,아니오,미상,미입양
412,믹스견,수컷,2,10,중립,황색계열,아니오,미상,미입양
413,믹스견,암컷,2,10,중립,흰색계열,아니오,미상,미입양
414,믹스견,암컷,2,10,중립,흰색계열,아니오,미상,미입양
415,믹스견,암컷,2,10,중립,황색계열,아니오,미상,미입양
416,믹스견,암컷,10,34,중립,황색계열,아니오,매우 마름,미입양
417,믹스견,암컷,8,154,중립,흰색계열,미상,앞다리 상처 심함,미입양
418,믹스견,암컷,13,46,사람을 경계함,황색계열,아니오,미상,미입양
419,믹스견,암컷,3,10,사람을 경계함,혼합색계열,아니오,미상,미입양
420,믹스견,수컷,3,10,사람을 경계함,혼합색계열,아니오,미상,미입양
421,믹스견,암컷,3,10,사람을 경계함,혼합색계열,아니오,미상,미입양
422,믹스견,암컷,3,10,사람을 경계함,혼합색계열,아니오,미상,미입양
423,스피츠,암컷,9,154,사람을 잘 따름,흰색계열,아니오,미상,입양
424,믹스견,암컷,2.5,10,중립,혼합색계열,아니오,미상,미입양
425,믹스견,암컷,2.5,10,중립,혼합색계열,아니오,미상,미입양
426,믹스견,암컷,2.5,10,사람을 잘 따름,혼합색계열,아니오,미상,입양
427,말티즈,수컷,4,130,사람을 잘 따름,흰색계열,미상,미상,미입양
428,프렌치 불독,암컷,8,2,사람을 잘 따름,혼합색계열,미상,미상,입양
429,보더 콜리,수컷,17,154,사람을 잘 따름,혼합색계열,미상,미상,입양
430,믹스견,수컷,2.5,10,중립,흰색계열,아니오,피부병 있음,미입양
431,웰시 코기 카디건,암컷,7,154,사람을 잘 따름,혼합색계열,미상,미상,입양
432,마리노이즈,수컷,25,46,사람을 잘 따름,검정색계열,미상,미상,입양
433,스피츠,수컷,8,154,사람을 잘 따름,흰색계열,미상,미상,입양
434,말티즈,암컷,8,82,사람을 잘 따름,흰색계열,미상,미용 되어 있음,미입양
435,포메라니안,수컷,3,46,사람을 잘 따름,검정색계열,아니오,미상,입양
436,말티즈,암컷,9,82,사람을 잘 따름,흰색계열,미상,미상,미입양
437,믹스견,수컷,3,10,중립,검정색계열,아니오,뒷발 피부병 있음,미입양
438,믹스견,수컷,3,10,중립,검정색계열,아니오,꼬리 피부병 있음,미입양
439,믹스견,수컷,20,46,사람을 경계함,흰색계열,미상,미상,미입양
440,웰시 코기 카디건,암컷,7,154,사람을 잘 따름,혼합색계열,미상,미상,입양
441,믹스견,수컷,13,33,중립,혼합색계열,미상,미상,미입양
442,믹스견,수컷,20,45,사람을 잘 따름,흰색계열,미상,미상,미입양
443,믹스견,암컷,6,57,사람을 경계함,혼합색계열,미상,눈꼽 많이 낌,미입양
444,비숑 프리제,수컷,6,153,사람을 경계함,혼합색계열,미상,미상,입양
445,치와와,암컷,3,129,중립,검정색계열,미상,기력없음,미입양
446,보더 콜리,수컷,18,57,중립,혼합색계열,미상,미상,미입양
447,믹스견,암컷,9,45,사람을 경계함,황색계열,미상,미상,미입양
448,믹스견,암컷,3,9,사람을 경계함,흰색계열,미상,미상,미입양
449,믹스견,암컷,16,45,사람을 잘 따름,흰색계열,미상,미상,미입양
450,믹스견,수컷,12,33,사람을 경계함,흰색계열,미상,미상,미입양
451,믹스견,수컷,12,33,사람을 경계함,흰색계열,미상,미상,미입양
452,믹스견,암컷,9,69,사람을 경계함,흰색계열,미상,미상,미입양
453,믹스견,수컷,13,153,사람을 잘 따름,검정색계열,미상,유피낭종(우측),미입양
454,시바,수컷,10,69,사람을 잘 따름,검정색계열,아니오,미상,입양
455,포메라니안,암컷,4,33,사람을 잘 따름,흰색계열,미상,털 많이 엉켜있음,입양
456,푸들,암컷,6,33,사람을 잘 따름,흰색계열,미상,미상,입양
457,믹스견,암컷,9,45,사람을 경계함,황색계열,미상,미상,미입양
458,믹스견,암컷,8,45,사람을 경계함,황색계열,미상,미상,미입양
459,말티즈,암컷,4,129,사람을 잘 따름,흰색계열,미상,털 많이 엉켜있음,미입양
460,믹스견,암컷,8,93,사람을 잘 따름,혼합색계열,미상,미상,입양
461,믹스견,수컷,10,45,사람을 경계함,황색계열,미상,미상,미입양
462,믹스견,암컷,16,33,사람을 잘 따름,황색계열,미상,미상,미입양
463,비숑 프리제,수컷,8,57,사람을 잘 따름,흰색계열,미상,털 많이 엉킴,입양
464,말티즈,암컷,4,45,중립,흰색계열,미상,미상,입양
465,말티즈,암컷,3.5,57,사람을 잘 따름,흰색계열,미상,미상,입양
466,믹스견,암컷,8,9,사람을 잘 따름,황색계열,미상,미상,미입양
467,믹스견,수컷,3,9,사람을 경계함,갈색계열,아니오,미상,입양
468,믹스견,수컷,3,9,중립,흰색계열,아니오,좌측 뒷발 골절,미입양
469,믹스견,수컷,9,153,사람을 잘 따름,흰색계열,아니오,귀에 진드기 제거 흔적 있음,미입양
470,믹스견,암컷,9,153,사람을 경계함,흰색계열,미상,미상,미입양
471,믹스견,암컷,8,33,사람을 경계함,흰색계열,미상,매우 마름,미입양
472,믹스견,수컷,3,9,중립,검정색계열,아니오,"전신 구더기 감염, 목 및 등허리 절창, 예후불량",미입양
473,믹스견,암컷,3,9,중립,흰색계열,아니오,미상,미입양
474,믹스견,암컷,3,9,중립,황색계열,아니오,미상,미입양
475,믹스견,암컷,3,9,중립,흰색계열,아니오,미상,미입양
476,믹스견,암컷,3,9,중립,갈색계열,아니오,미상,입양
477,믹스견,수컷,3,9,중립,혼합색계열,아니오,양 볼에 상처 있음,미입양
478,믹스견,암컷,16,33,사람을 경계함,흰색계열,미상,미상,미입양
479,믹스견,암컷,15,33,사람을 경계함,흰색계열,미상,미상,미입양
480,믹스견,암컷,14,33,사람을 경계함,흰색계열,미상,미상,미입양
481,시바,수컷,12,33,사람을 잘 따름,황색계열,아니오,미상,입양
482,시츄,암컷,5,81,사람을 잘 따름,혼합색계열,미상,미상,입양
483,보스턴 테리어,수컷,8,57,사람을 잘 따름,혼합색계열,아니오,미상,입양
484,시바,수컷,10,9,사람을 잘 따름,검정색계열,아니오,미상,미입양
485,믹스견,암컷,5,33,사람을 경계함,흰색계열,미상,피부병(모낭충) 심함,미입양
486,페키니즈,수컷,3,105,중립,혼합색계열,아니오,매우 마름,미입양
487,믹스견,암컷,8,153,사람을 경계함,검정색계열,미상,미상,미입양
488,믹스견,암컷,2,8,사람을 경계함,흰색계열,아니오,미상,미입양
489,믹스견,암컷,3.5,8,사람을 경계함,흰색계열,미상,미상,미입양
490,믹스견,수컷,3.5,8,사람을 경계함,흰색계열,미상,미상,미입양
491,믹스견,암컷,4,44,사람을 경계함,흰색계열,미상,털 많이 뭉침,입양
492,믹스견,암컷,6,152,사람을 경계함,혼합색계열,미상,미상,미입양
493,믹스견,암컷,6,44,중립,혼합색계열,미상,미상,미입양
494,믹스견,암컷,4,8,중립,흰색계열,아니오,통통함,입양
495,믹스견,암컷,4,8,중립,흰색계열,아니오,통통함,미입양
496,푸들,암컷,4.1,80,사람을 잘 따름,회색계열,미상,피부병 있음,입양
497,믹스견,수컷,9,152,사람을 잘 따름,흰색계열,미상,미상,미입양
498,믹스견,암컷,0.3,8,중립,검정색계열,아니오,"수유개체, 태반 붙어있음",미입양
499,포메라니안,수컷,6,56,사람을 잘 따름,흰색계열,아니오,미상,입양
500,믹스견,암컷,3,8,중립,검정색계열,아니오,미상,미입양
501,믹스견,암컷,18,56,사람을 경계함,검정색계열,아니오,미상,미입양
502,믹스견,암컷,4,8,중립,검정색계열,미상,턱 밑에 흰 털 자람,미입양
503,믹스견,수컷,8,56,중립,흰색계열,미상,미상,미입양
504,믹스견,암컷,10,68,사람을 잘 따름,검정색계열,미상,미상,미입양
505,믹스견,수컷,2.5,8,사람을 경계함,혼합색계열,아니오,미상,미입양
506,믹스견,암컷,13,68,중립,혼합색계열,미상,미용 되어 있음,미입양
507,이탈리안 그레이 하운드,수컷,6,8,사람을 경계함,갈색계열,아니오,미상,입양
508,믹스견,암컷,18,44,사람을 잘 따름,흰색계열,미상,미상,입양
509,믹스견,암컷,1,8,중립,흰색계열,아니오,미상,입양
510,믹스견,암컷,1,8,중립,흰색계열,아니오,미상,입양
511,믹스견,수컷,1,8,중립,황색계열,아니오,미상,입양
512,믹스견,암컷,1,8,중립,황색계열,아니오,미상,입양
513,믹스견,암컷,1,1,중립,황색계열,아니오,미상,입양
514,믹스견,암컷,15,44,사람을 경계함,흰색계열,아니오,미상,미입양
515,믹스견,암컷,25,68,사람을 잘 따름,혼합색계열,미상,미상,입양
516,믹스견,암컷,2,8,사람을 잘 따름,혼합색계열,아니오,미상,미입양
517,믹스견,암컷,4,8,사람을 잘 따름,흰색계열,아니오,미상,입양
518,휘펫,수컷,2.5,8,사람을 잘 따름,황색계열,아니오,미상,미입양
519,믹스견,암컷,2.5,8,사람을 잘 따름,황색계열,아니오,미상,미입양
520,믹스견,수컷,2.5,8,사람을 잘 따름,황색계열,아니오,미상,미입양
521,믹스견,수컷,2.5,8,사람을 잘 따름,황색계열,아니오,미상,미입양
522,말티즈,수컷,5,56,중립,흰색계열,미상,"기립불능 (호흡촉박), 예후불량",미입양
523,믹스견,암컷,12,44,사람을 잘 따름,혼합색계열,미상,미상,미입양
524,믹스견,수컷,8.5,44,사람을 잘 따름,황색계열,미상,다리 짧음,미입양
525,믹스견,수컷,7,8,사람을 경계함,흰색계열,아니오,미상,미입양
526,믹스견,수컷,7,8,사람을 경계함,흰색계열,아니오,미상,미입양
527,시츄,수컷,8,128,중립,갈색계열,예,미상,미입양
528,믹스견,수컷,8,152,사람을 잘 따름,흰색계열,미상,진드기 많음,미입양
529,믹스견,수컷,15,151,사람을 잘 따름,흰색계열,미상,털이 풍성함,미입양
530,푸들,수컷,8,79,중립,갈색계열,아니오,미상,입양
531,믹스견,암컷,23,55,사람을 경계함,흰색계열,아니오,임신 추정,미입양
532,포메라니안,수컷,8,79,중립,검정색계열,예,미상,입양
533,믹스견,암컷,3.5,7,사람을 경계함,황색계열,아니오,미상,미입양
534,믹스견,수컷,3.5,7,사람을 경계함,흰색계열,아니오,미상,미입양
535,믹스견,암컷,3.5,7,사람을 경계함,혼합색계열,아니오,미상,미입양
536,믹스견,수컷,3.5,7,사람을 경계함,황색계열,아니오,미상,미입양
537,말티즈,수컷,3.5,79,사람을 잘 따름,흰색계열,예,미용 되어 있음,입양
538,치와와,수컷,3.5,55,중립,검정색계열,아니오,미상,입양
539,믹스견,암컷,3.5,7,사람을 잘 따름,흰색계열,미상,미상,미입양
540,삽살개,수컷,13,55,사람을 잘 따름,흰색계열,미상,미상,미입양
541,믹스견,수컷,9,151,중립,혼합색계열,미상,진드기 감염,미입양
542,믹스견,수컷,15,31,사람을 경계함,검정색계열,미상,미상,미입양
543,믹스견,암컷,14,43,중립,흰색계열,미상,"교통사고로 탈장, 우측다리 골절",미입양
544,포메라니안,수컷,4,43,사람을 경계함,흰색계열,아니오,미상,입양
545,믹스견,수컷,20,79,중립,흰색계열,아니오,미상,미입양
546,믹스견,암컷,6,55,중립,흰색계열,미상,눈물자국 심함,입양
547,닥스훈트,수컷,3.5,91,사람을 잘 따름,검정색계열,미상,미상,입양
548,말티즈,암컷,3.5,79,사람을 잘 따름,흰색계열,미상,미용 되어 있음,입양
549,믹스견,암컷,11,67,중립,혼합색계열,미상,"피부병 심함, 유방염 있음",미입양
550,믹스견,암컷,11,67,중립,검정색계열,미상,미상,미입양
551,믹스견,수컷,18,31,사람을 잘 따름,황색계열,아니오,미상,미입양
552,믹스견,수컷,18,79,사람을 경계함,황색계열,미상,매우 마름,미입양
553,말티즈,암컷,8,91,사람을 경계함,회색계열,미상,통통함,미입양
554,믹스견,수컷,12,7,사람을 잘 따름,혼합색계열,아니오,미상,미입양
555,믹스견,암컷,3.5,7,중립,흰색계열,아니오,미상,미입양
556,믹스견,암컷,3.5,7,중립,흰색계열,아니오,미상,미입양
557,믹스견,수컷,2.5,7,중립,흰색계열,아니오,미상,미입양
558,믹스견,수컷,3.5,7,중립,혼합색계열,아니오,미상,미입양
559,믹스견,암컷,3.5,7,중립,혼합색계열,아니오,미상,미입양
560,믹스견,암컷,3.5,7,중립,혼합색계열,아니오,미상,미입양
561,믹스견,수컷,3.5,7,중립,혼합색계열,아니오,미상,미입양
562,믹스견,수컷,5,7,사람을 잘 따름,검정색계열,아니오,미상,미입양
563,믹스견,암컷,2,7,중립,혼합색계열,아니오,미상,미입양
564,믹스견,수컷,2,7,중립,검정색계열,아니오,미상,미입양
565,믹스견,암컷,2,7,중립,흰색계열,아니오,미상,미입양
566,믹스견,수컷,2,7,중립,흰색계열,아니오,미상,미입양
567,믹스견,암컷,14,43,사람을 잘 따름,검정색계열,아니오,미상,미입양
568,믹스견,수컷,2.5,7,중립,혼합색계열,아니오,미상,미입양
569,믹스견,암컷,2.5,7,중립,검정색계열,아니오,미상,미입양
570,믹스견,암컷,2.5,7,중립,검정색계열,아니오,미상,미입양
571,믹스견,수컷,2.5,7,중립,검정색계열,아니오,미상,미입양
572,믹스견,암컷,23,55,중립,흰색계열,미상,코 주변 털 벗겨짐,미입양
573,믹스견,수컷,4,7,중립,흰색계열,아니오,미상,미입양
574,포메라니안,암컷,3,31,사람을 잘 따름,흰색계열,미상,미상,입양
575,믹스견,수컷,2.5,7,중립,흰색계열,아니오,미상,미입양
576,믹스견,수컷,2.5,7,중립,흰색계열,아니오,미상,미입양
577,믹스견,수컷,2.5,7,중립,혼합색계열,아니오,미상,미입양
578,믹스견,암컷,9,43,중립,혼합색계열,아니오,미상,미입양
579,믹스견,암컷,4,7,중립,혼합색계열,아니오,미상,미입양
580,믹스견,암컷,3,7,사람을 잘 따름,혼합색계열,아니오,미상,입양
581,믹스견,암컷,3,7,중립,흰색계열,아니오,핑크 코에 눈매가 처짐,미입양
582,믹스견,수컷,3,7,사람을 잘 따름,황색계열,아니오,털이 풍성함,미입양
583,믹스견,수컷,3,7,중립,흰색계열,아니오,좌측 뒷발 피부병으로 털 벗겨짐,미입양
584,믹스견,수컷,3,7,사람을 잘 따름,흰색계열,아니오,미상,미입양
585,믹스견,암컷,3,7,중립,흰색계열,아니오,미상,미입양
586,믹스견,암컷,4,7,중립,황색계열,아니오,미상,미입양
587,믹스견,암컷,3,7,중립,흰색계열,아니오,미상,미입양
588,믹스견,수컷,4,151,사람을 잘 따름,흰색계열,미상,미상,입양
589,믹스견,암컷,4,7,사람을 경계함,혼합색계열,아니오,미상,미입양
590,믹스견,수컷,14,43,사람을 경계함,흰색계열,아니오,미상,미입양
591,믹스견,암컷,12,31,사람을 경계함,흰색계열,미상,마름,미입양
592,믹스견,수컷,12,151,사람을 경계함,검정색계열,아니오,미상,미입양
593,믹스견,암컷,15,151,중립,흰색계열,아니오,코에 털 빠졌음,미입양
594,믹스견,암컷,12,43,사람을 경계함,혼합색계열,아니오,미상,미입양
595,믹스견,수컷,18,31,사람을 경계함,혼합색계열,아니오,미상,미입양
596,말티즈,수컷,0.5,7,중립,흰색계열,아니오,미상,입양
597,믹스견,수컷,2.5,7,사람을 경계함,혼합색계열,아니오,미상,미입양
598,믹스견,수컷,2.5,7,사람을 경계함,흰색계열,아니오,미상,입양
599,믹스견,수컷,4,7,중립,흰색계열,아니오,미상,입양
600,믹스견,수컷,4,7,사람을 잘 따름,흰색계열,아니오,미상,입양
601,치와와,수컷,3,151,사람을 잘 따름,혼합색계열,미상,미상,입양
602,치와와,수컷,3,151,사람을 잘 따름,혼합색계열,미상,미상,입양
603,믹스견,수컷,22,55,사람을 경계함,흰색계열,아니오,미상,미입양
604,믹스견,수컷,10,31,중립,검정색계열,아니오,다리가 짧은 편임,미입양
605,믹스견,수컷,9,67,중립,검정색계열,아니오,목 주변 피부병 있음,미입양
606,푸들,수컷,6,31,중립,검정색계열,예,미상,입양
607,비숑 프리제,수컷,6,31,중립,흰색계열,예,미상,입양
608,믹스견,암컷,5,6,사람을 경계함,흰색계열,미상,미상,미입양
609,믹스견,수컷,5,150,사람을 경계함,황색계열,아니오,미상,입양
610,믹스견,수컷,2.8,6,중립,혼합색계열,아니오,통통함,입양
611,믹스견,암컷,2.8,6,중립,혼합색계열,아니오,통통함,입양
612,말티즈,수컷,5,30,사람을 잘 따름,흰색계열,아니오,미상,미입양
613,믹스견,암컷,4,6,중립,검정색계열,미상,교통사고 추정(찰과상),미입양
614,믹스견,암컷,13,54,중립,황색계열,미상,목 주변 털 빠짐,미입양
615,요크셔 테리어,암컷,4,78,중립,혼합색계열,미상,털 많이 엉켜 있음,입양
616,치와와,수컷,7,30,중립,혼합색계열,아니오,미상,미입양
617,말티즈,수컷,4,42,중립,흰색계열,예,코가 핑크색임,입양
618,푸들,암컷,6,42,사람을 잘 따름,갈색계열,미상,털 미용 되어 있음,미입양
619,믹스견,수컷,3,6,사람을 잘 따름,흰색계열,미상,미상,입양
620,믹스견,암컷,6,6,중립,갈색계열,아니오,미상,미입양
621,요크셔 테리어,암컷,3,126,사람을 잘 따름,혼합색계열,미상,미상,입양
622,믹스견,수컷,20,30,중립,흰색계열,미상,"교통사고(대퇴골 골절), 예후가 불량함",미입양
623,믹스견,수컷,22,66,사람을 경계함,혼합색계열,미상,체격에 비해 마른편임,미입양
624,믹스견,수컷,12,30,사람을 잘 따름,황색계열,아니오,미상,입양
625,믹스견,수컷,23,30,중립,황색계열,아니오,미상,미입양
626,믹스견,암컷,23,30,중립,흰색계열,아니오,미상,미입양
627,믹스견,암컷,20,150,중립,흰색계열,아니오,미상,미입양
628,믹스견,암컷,20,150,중립,흰색계열,아니오,미상,미입양
629,믹스견,수컷,17,150,중립,흰색계열,아니오,미상,미입양
630,믹스견,암컷,20,150,중립,흰색계열,아니오,미상,미입양
631,믹스견,암컷,22,150,중립,황색계열,아니오,미상,미입양
632,믹스견,암컷,22,150,중립,황색계열,아니오,미상,입양
633,믹스견,암컷,20,30,중립,황색계열,아니오,미상,미입양
634,믹스견,수컷,5,6,중립,흰색계열,아니오,미상,미입양
635,믹스견,수컷,8,6,중립,흰색계열,아니오,미상,미입양
636,믹스견,수컷,5,6,중립,흰색계열,아니오,미상,미입양
637,믹스견,수컷,8,6,중립,흰색계열,아니오,미상,미입양
638,믹스견,수컷,15,150,중립,황색계열,아니오,미상,미입양
639,믹스견,수컷,15,150,중립,황색계열,아니오,미상,미입양
640,믹스견,암컷,12,150,중립,황색계열,아니오,미상,미입양
641,믹스견,암컷,12,150,중립,황색계열,아니오,미상,미입양
642,믹스견,암컷,12,150,중립,흰색계열,아니오,미상,미입양
643,믹스견,수컷,12,150,중립,흰색계열,아니오,미상,미입양
644,믹스견,수컷,12,150,중립,흰색계열,아니오,미상,미입양
645,믹스견,암컷,23,30,중립,흰색계열,아니오,미상,입양
646,믹스견,암컷,10,6,중립,황색계열,아니오,미상,미입양
647,믹스견,암컷,10,6,중립,혼합색계열,아니오,미상,입양
648,믹스견,수컷,10,6,중립,흰색계열,아니오,미상,미입양
649,믹스견,수컷,20,150,중립,황색계열,아니오,미상,미입양
650,믹스견,암컷,20,150,중립,황색계열,아니오,미상,미입양
651,믹스견,암컷,20,150,중립,황색계열,아니오,미상,미입양
652,믹스견,암컷,18,150,중립,흰색계열,아니오,미상,미입양
653,믹스견,암컷,18,150,중립,혼합색계열,아니오,미상,미입양
654,믹스견,암컷,18,150,중립,혼합색계열,아니오,미상,미입양
655,믹스견,수컷,15,150,중립,흰색계열,아니오,미상,미입양
656,믹스견,수컷,15,150,중립,황색계열,아니오,미상,미입양
657,믹스견,암컷,19,150,중립,흰색계열,아니오,미상,미입양
658,믹스견,암컷,19,150,중립,혼합색계열,아니오,미상,미입양
659,믹스견,암컷,19,150,중립,혼합색계열,아니오,미상,미입양
660,믹스견,암컷,16,6,중립,흰색계열,아니오,미상,미입양
661,믹스견,암컷,12,6,사람을 경계함,황색계열,아니오,미상,미입양
662,믹스견,암컷,12,6,사람을 경계함,황색계열,아니오,미상,미입양
663,믹스견,암컷,25,42,중립,황색계열,아니오,임신 추정,미입양
664,믹스견,수컷,12,6,사람을 경계함,황색계열,아니오,미상,미입양
665,믹스견,수컷,12,6,사람을 경계함,황색계열,아니오,미상,미입양
666,믹스견,수컷,7,6,사람을 경계함,황색계열,아니오,미상,미입양
667,믹스견,암컷,6,6,사람을 경계함,황색계열,아니오,미상,미입양
668,믹스견,수컷,14,150,사람을 경계함,황색계열,아니오,미상,미입양
669,믹스견,수컷,14,150,사람을 경계함,황색계열,아니오,미상,미입양
670,믹스견,수컷,14,150,사람을 경계함,흰색계열,아니오,미상,미입양
671,믹스견,수컷,14,150,중립,흰색계열,아니오,미상,미입양
672,믹스견,암컷,12,30,중립,흰색계열,아니오,미상,미입양
673,믹스견,수컷,22,30,중립,혼합색계열,아니오,미상,미입양
674,믹스견,수컷,10,6,사람을 경계함,황색계열,아니오,미상,미입양
675,믹스견,수컷,10,6,사람을 경계함,황색계열,아니오,미상,미입양
676,믹스견,수컷,10,6,사람을 경계함,황색계열,아니오,미상,미입양
677,믹스견,암컷,17,150,중립,흰색계열,아니오,미상,입양
678,믹스견,수컷,5,6,중립,흰색계열,아니오,미상,미입양
679,믹스견,수컷,5,6,중립,흰색계열,아니오,미상,미입양
680,믹스견,수컷,4.5,6,중립,흰색계열,아니오,미상,미입양
681,믹스견,수컷,4.5,6,중립,흰색계열,아니오,미상,미입양
682,믹스견,수컷,4.5,6,중립,흰색계열,아니오,미상,미입양
683,믹스견,수컷,4.5,6,중립,흰색계열,아니오,미상,미입양
684,프렌치 불독,암컷,5,30,사람을 잘 따름,혼합색계열,미상,미상,입양
685,웰시 코기 카디건,암컷,6,54,중립,혼합색계열,미상,털 관리 잘 되어 있음,입양
686,믹스견,암컷,16,30,사람을 경계함,흰색계열,미상,미상,미입양
687,웰시 코기 카디건,수컷,15,66,사람을 잘 따름,혼합색계열,미상,미상,미입양
688,믹스견,암컷,6,42,중립,혼합색계열,미상,미상,미입양
689,시바,암컷,9,54,사람을 경계함,혼합색계열,미상,미상,미입양
690,라브라도 리트리버,수컷,22,78,중립,검정색계열,아니오,미상,미입양
691,믹스견,암컷,16,66,사람을 경계함,흰색계열,미상,미상,미입양
692,믹스견,수컷,12,66,사람을 경계함,황색계열,미상,미상,미입양
693,믹스견,수컷,8,54,사람을 경계함,흰색계열,미상,미상,미입양
694,코카 스파니엘,암컷,10,66,사람을 경계함,황색계열,미상,통통함,입양
695,웰시 코기 카디건,수컷,10,78,사람을 잘 따름,혼합색계열,아니오,털갈이 중,미입양
696,믹스견,수컷,3,6,사람을 잘 따름,흰색계열,아니오,미상,미입양
697,믹스견,암컷,3,6,사람을 잘 따름,흰색계열,아니오,미상,미입양
698,말티즈,암컷,4,30,사람을 잘 따름,흰색계열,미상,"얼굴, 발 미용 흔적 있음",입양
699,믹스견,수컷,0.5,6,중립,혼합색계열,아니오,미상,미입양
700,믹스견,수컷,0.5,6,중립,검정색계열,아니오,미상,미입양
701,믹스견,암컷,0.5,6,중립,혼합색계열,아니오,미상,미입양
702,믹스견,암컷,0.5,6,중립,혼합색계열,아니오,미상,미입양
703,믹스견,암컷,0.5,6,중립,혼합색계열,아니오,미상,미입양
704,믹스견,암컷,0.5,6,중립,검정색계열,아니오,미상,미입양
705,믹스견,수컷,0.5,6,중립,황색계열,아니오,미상,미입양
706,믹스견,암컷,0.5,6,중립,혼합색계열,아니오,미상,미입양
707,믹스견,암컷,18,42,사람을 경계함,흰색계열,아니오,미상,미입양
708,믹스견,수컷,16,30,사람을 잘 따름,흰색계열,미상,미상,미입양
709,믹스견,암컷,3,6,중립,흰색계열,아니오,미상,미입양
710,푸들,암컷,4,65,사람을 잘 따름,흰색계열,미상,털 엉켜있음,입양
711,말티즈,수컷,3,53,사람을 잘 따름,흰색계열,미상,우측 귀 피부병 있음,입양
712,믹스견,암컷,12,41,사람을 잘 따름,흰색계열,미상,미상,미입양
713,믹스견,수컷,0.8,5,사람을 경계함,혼합색계열,아니오,미상,입양
714,믹스견,암컷,0.8,5,사람을 경계함,혼합색계열,아니오,미상,미입양
715,믹스견,수컷,0.8,5,사람을 경계함,흰색계열,아니오,미상,미입양
716,믹스견,수컷,0.8,5,사람을 경계함,혼합색계열,아니오,미상,미입양
717,믹스견,암컷,0.08,5,사람을 경계함,흰색계열,아니오,미상,미입양
718,믹스견,암컷,0.3,5,중립,황색계열,아니오,미상,미입양
719,믹스견,암컷,0.3,5,중립,혼합색계열,아니오,미상,미입양
720,믹스견,수컷,0.3,5,중립,흰색계열,아니오,미상,미입양
721,믹스견,수컷,0.3,5,중립,흰색계열,아니오,미상,미입양
722,믹스견,암컷,10,53,사람을 경계함,황색계열,아니오,미상,미입양
723,이탈리안 그레이 하운드,수컷,4,53,중립,황색계열,예,관리 잘 되어 있음,입양
724,믹스견,암컷,14,149,중립,흰색계열,미상,미상,미입양
725,믹스견,암컷,12,149,사람을 잘 따름,황색계열,미상,털갈이 중임,미입양
726,삽살개,수컷,20,125,중립,흰색계열,미상,"매우 마름, 예후 불량",미입양
727,믹스견,수컷,14,29,사람을 경계함,흰색계열,미상,미상,미입양
728,믹스견,암컷,10,5,사람을 경계함,검정색계열,미상,미상,미입양
729,보더 콜리,수컷,18,53,사람을 잘 따름,혼합색계열,미상,미상,입양
730,라브라도 리트리버,수컷,35,77,사람을 잘 따름,검정색계열,아니오,미상,미입양
731,믹스견,암컷,6.5,65,사람을 잘 따름,흰색계열,미상,털 많이 뭉쳐 있음,미입양
732,말티즈,수컷,7.5,89,사람을 잘 따름,흰색계열,예,미용 되어 있음,미입양
733,비숑 프리제,수컷,6,53,사람을 잘 따름,흰색계열,미상,눈물 자국 심함,입양
734,믹스견,암컷,10,41,사람을 경계함,흰색계열,미상,미상,미입양
735,믹스견,암컷,9,149,사람을 잘 따름,흰색계열,미상,미상,입양
736,아키다,수컷,20,41,사람을 잘 따름,황색계열,미상,미상,입양
737,도베르만,수컷,9,149,사람을 잘 따름,혼합색계열,예,매우 마름,입양
738,믹스견,수컷,16,29,중립,흰색계열,미상,꼬리털이 풍성함,미입양
739,말티즈,수컷,1,5,중립,흰색계열,아니오,우측 눈 없음,입양
740,말티즈,암컷,1.5,5,중립,흰색계열,아니오,우측 눈 없음,입양
741,시츄,수컷,8,41,사람을 잘 따름,혼합색계열,미상,미상,입양
742,시츄,수컷,8.5,41,사람을 잘 따름,혼합색계열,미상,미상,입양
743,믹스견,암컷,4,89,사람을 잘 따름,황색계열,미상,말랐음,미입양
744,믹스견,수컷,4,5,사람을 잘 따름,흰색계열,아니오,미상,입양
745,프렌치 불독,수컷,7,41,사람을 경계함,흰색계열,아니오,미상,입양
746,푸들,암컷,3.5,149,사람을 경계함,흰색계열,미상,미상,입양
747,아키다,수컷,28,41,사람을 잘 따름,황색계열,미상,미상,입양
748,믹스견,암컷,14,41,사람을 잘 따름,검정색계열,미상,미상,미입양
749,말티즈,암컷,6,65,사람을 잘 따름,흰색계열,미상,털 많이 엉켜있음,입양
750,삽살개,수컷,7,89,사람을 잘 따름,검정색계열,미상,미상,미입양
751,믹스견,암컷,3,5,사람을 경계함,황색계열,아니오,미상,미입양
752,믹스견,암컷,3,5,사람을 잘 따름,혼합색계열,아니오,미상,미입양
753,말티즈,암컷,5,89,사람을 잘 따름,흰색계열,미상,꼬리 부분 털 엉켜있음,입양
754,믹스견,수컷,8,29,사람을 경계함,흰색계열,미상,미상,미입양
755,말티즈,수컷,8,125,사람을 잘 따름,흰색계열,아니오,미상,입양
756,믹스견,암컷,5,149,사람을 잘 따름,황색계열,미상,발 미용 되어 있음,입양
757,믹스견,수컷,10,77,중립,혼합색계열,아니오,미상,미입양
758,믹스견,수컷,15,29,사람을 잘 따름,흰색계열,미상,미상,미입양
759,믹스견,암컷,20,41,중립,흰색계열,미상,미상,미입양
760,믹스견,암컷,7,148,사람을 경계함,흰색계열,미상,미상,입양
761,믹스견,암컷,7,148,중립,흰색계열,미상,미상,입양
762,믹스견,암컷,8,148,사람을 잘 따름,흰색계열,미상,미상,미입양
763,믹스견,암컷,8,148,사람을 잘 따름,혼합색계열,미상,미상,미입양
764,믹스견,암컷,8,148,중립,검정색계열,미상,미상,미입양
765,믹스견,수컷,7,40,사람을 잘 따름,황색계열,아니오,미상,미입양
766,믹스견,수컷,3,4,사람을 잘 따름,흰색계열,아니오,미상,미입양
767,믹스견,암컷,3,4,사람을 잘 따름,흰색계열,아니오,미상,미입양
768,믹스견,암컷,3,4,사람을 잘 따름,흰색계열,아니오,미상,미입양
769,믹스견,암컷,3,4,사람을 잘 따름,흰색계열,아니오,미상,미입양
770,믹스견,수컷,3,4,사람을 잘 따름,흰색계열,아니오,미상,입양
771,믹스견,암컷,3.5,4,사람을 잘 따름,흰색계열,아니오,미상,입양
772,믹스견,수컷,8,4,사람을 경계함,흰색계열,아니오,미상,미입양
773,믹스견,암컷,7,4,사람을 경계함,흰색계열,미상,미상,미입양
774,믹스견,암컷,10,40,사람을 경계함,혼합색계열,미상,새끼 낳았던 적 있음,미입양
775,믹스견,암컷,4,4,중립,혼합색계열,미상,오른쪽눈 백내장 있음,미입양
776,믹스견,수컷,18,28,사람을 잘 따름,황색계열,미상,왼쪽 앞발 절뚝거림,미입양
777,믹스견,암컷,7,4,사람을 경계함,혼합색계열,미상,교통사고로 앞다리 부상,미입양
778,믹스견,암컷,2,4,중립,혼합색계열,아니오,미상,미입양
779,믹스견,암컷,1.5,4,중립,흰색계열,아니오,미상,미입양
780,믹스견,수컷,8,28,사람을 경계함,황색계열,미상,배 부분 흰색 띔,미입양
781,믹스견,암컷,11,40,중립,황색계열,미상,"교통사고(관골골절), 기립 불능, 예후가 매우 불량",미입양
782,믹스견,수컷,12,148,사람을 잘 따름,혼합색계열,미상,미상,미입양
783,믹스견,암컷,6.5,100,사람을 잘 따름,혼합색계열,미상,미상,미입양
784,스피츠,암컷,6,76,중립,흰색계열,아니오,발 붉게 물들었음,입양
785,삽살개,수컷,20,40,중립,황색계열,미상,미상,입양
786,믹스견,암컷,18,148,중립,흰색계열,미상,콧잔등이 핑크색임,입양
787,믹스견,수컷,6,148,중립,혼합색계열,미상,미상,미입양
788,믹스견,수컷,0.5,4,중립,황색계열,아니오,수유개체,입양
789,믹스견,암컷,0.5,4,중립,갈색계열,아니오,수유개체,입양
790,믹스견,수컷,0.5,4,중립,흰색계열,아니오,수유개체,미입양
791,믹스견,수컷,6,148,중립,혼합색계열,아니오,미상,미입양
792,푸들,수컷,3.5,76,사람을 잘 따름,갈색계열,미상,마른편임,입양
793,푸들,수컷,5,4,사람을 잘 따름,검정색계열,예,미용 잘 되어 있음,입양
794,푸들,수컷,4,52,사람을 잘 따름,검정색계열,아니오,매우 마름,미입양
795,푸들,암컷,4,28,중립,검정색계열,미상,털 많이 뭉쳐있음,입양
796,푸들,암컷,5,40,중립,흰색계열,미상,왼쪽눈 백내장 있음,입양
797,시베리안 허스키,암컷,20,88,사람을 잘 따름,혼합색계열,미상,털 관리가 잘 되어 있음,입양
798,믹스견,수컷,3,4,중립,혼합색계열,아니오,미상,미입양
799,믹스견,수컷,3,4,중립,혼합색계열,아니오,미상,미입양
800,믹스견,수컷,3,4,중립,검정색계열,아니오,미상,미입양
801,믹스견,암컷,3,4,중립,검정색계열,아니오,미상,미입양
802,믹스견,암컷,3,4,중립,혼합색계열,아니오,미상,입양
803,말티즈,수컷,3.5,40,중립,흰색계열,미상,"교통사고, 좌측 후지 거상, 대퇴골 골절",미입양
804,믹스견,수컷,4.5,4,사람을 경계함,흰색계열,아니오,피부병 심함,미입양
805,믹스견,수컷,12,148,중립,흰색계열,미상,"꼬리 끝 잘림, 덫에 걸려있었음",미입양
806,믹스견,수컷,5,4,사람을 경계함,흰색계열,미상,미상,미입양
807,믹스견,암컷,15,148,중립,흰색계열,미상,다리가 짧음,미입양
808,치와와,암컷,4.5,52,사람을 경계함,검정색계열,미상,미상,미입양
809,믹스견,수컷,14,148,사람을 경계함,혼합색계열,미상,미상,미입양
810,믹스견,암컷,7,148,사람을 경계함,황색계열,미상,미상,미입양
811,차우차우,암컷,16,64,사람을 잘 따름,흰색계열,아니오,"머리, 목에 상처치료 필요함, 털이 많이 빠졌음",미입양
812,시바,암컷,9,64,중립,황색계열,미상,미상,입양
813,믹스견,수컷,13,40,사람을 잘 따름,혼합색계열,미상,미상,미입양
814,믹스견,암컷,7,148,사람을 잘 따름,황색계열,미상,미상,입양
815,시츄,수컷,5,27,중립,혼합색계열,아니오,미상,입양
816,믹스견,수컷,20,87,중립,흰색계열,미상,눈이 쳐졌음,미입양
817,믹스견,암컷,3,3,사람을 경계함,황색계열,아니오,미상,미입양
818,믹스견,암컷,3.5,3,사람을 경계함,황색계열,아니오,미상,미입양
819,믹스견,암컷,3,3,사람을 경계함,황색계열,아니오,미상,미입양
820,믹스견,암컷,4,3,사람을 경계함,황색계열,아니오,미상,미입양
821,믹스견,암컷,6,3,사람을 경계함,흰색계열,아니오,피부병이 심함,미입양
822,믹스견,암컷,6,147,사람을 경계함,흰색계열,아니오,미상,미입양
823,믹스견,수컷,15,39,중립,흰색계열,미상,"의식불명, 예후가 불량함",미입양
824,믹스견,암컷,5,147,중립,흰색계열,미상,피부염 심함,미입양
825,믹스견,암컷,17,27,중립,흰색계열,미상,미상,미입양
826,믹스견,수컷,7,3,중립,흰색계열,미상,미상,미입양
827,믹스견,암컷,14,147,중립,흰색계열,미상,콧잔등이 살짝 까져있음,미입양
828,포메라니안,수컷,1.8,27,중립,흰색계열,예,미상,입양
829,스피츠,수컷,8,87,사람을 잘 따름,흰색계열,예,관리가 잘되어 있음,입양
830,믹스견,수컷,2.5,3,중립,혼합색계열,아니오,다리 절뚝거림,미입양
831,믹스견,수컷,5,3,중립,혼합색계열,아니오,미상,미입양
832,믹스견,수컷,4,3,중립,황색계열,아니오,미상,미입양
833,말티즈,수컷,3,63,중립,흰색계열,예,피부병 있음,미입양
834,믹스견,암컷,10,3,중립,흰색계열,미상,미상,미입양
835,말티즈,암컷,4,63,중립,흰색계열,미상,미상,입양
836,믹스견,암컷,15,27,사람을 잘 따름,흰색계열,미상,미상,입양
837,푸들,암컷,3,63,사람을 잘 따름,흰색계열,미상,걸을 때 우측 앞다리를 들고 있음,미입양
838,믹스견,수컷,3,3,중립,흰색계열,미상,다리 부분 털 떡져 있음,미입양
839,믹스견,수컷,16,51,사람을 잘 따름,황색계열,아니오,미상,미입양
840,믹스견,암컷,4,3,중립,흰색계열,미상,미상,입양
841,믹스견,암컷,4,3,중립,흰색계열,미상,미상,입양
842,믹스견,수컷,5,3,중립,흰색계열,미상,미상,입양
843,믹스견,수컷,5,3,중립,흰색계열,미상,미상,입양
844,믹스견,암컷,8,39,중립,흰색계열,미상,왼쪽 눈에 멍든 것처럼 갈색 무늬 있음,미입양
845,진도견,수컷,18,39,중립,흰색계열,아니오,"켁켁거림, 다리랑 귀 부분에 갈색 털이 자람",입양
846,믹스견,암컷,3,3,중립,흰색계열,미상,미상,입양
847,믹스견,수컷,12,147,중립,황색계열,아니오,"발목 덫으로 앞다리 절단, 예후 몹시 불량",미입양
848,믹스견,수컷,15,63,중립,흰색계열,아니오,눈꼽 많이 꼈음,미입양
849,믹스견,암컷,4,3,중립,검정색계열,미상,미상,미입양
850,믹스견,암컷,4,3,중립,황색계열,미상,눈이 털에 덮여 있음,입양
851,믹스견,암컷,4,3,중립,검정색계열,미상,입 주변 검정색 띔,미입양
852,믹스견,암컷,5,3,중립,흰색계열,미상,오른쪽 눈 쌍커풀 살짝 있음,미입양
853,믹스견,암컷,6,3,중립,혼합색계열,미상,미상,미입양
854,믹스견,수컷,7,39,중립,흰색계열,미상,"눈물 자국 심함, 목 주변 털 뭉침",입양
855,믹스견,암컷,3.5,3,사람을 경계함,혼합색계열,아니오,미상,입양
856,프렌치 불독,암컷,8,38,중립,흰색계열,미상,미상,입양
857,포메라니안,암컷,2,146,중립,흰색계열,아니오,"좌측후지거상, 발톱잘라준 흔적있음, 좌측뒷다리를 들고 뜀",입양
858,믹스견,암컷,1.3,2,중립,혼합색계열,아니오,미상,입양
859,믹스견,수컷,1.5,2,중립,혼합색계열,아니오,미상,미입양
860,믹스견,수컷,1.4,2,중립,흰색계열,아니오,미상,미입양
861,믹스견,수컷,1.5,2,사람을 경계함,흰색계열,아니오,주름이 있음,미입양
862,믹스견,암컷,1,2,중립,흰색계열,아니오,"눈 아직 덜 뜸, 코에 색소 덜 참",미입양
863,믹스견,수컷,1,2,중립,흰색계열,아니오,눈 아직 덜 뜸,미입양
864,믹스견,수컷,0.8,2,중립,흰색계열,아니오,"코에 색소가 덜 참, 눈 아직 덜 뜸",미입양
865,믹스견,수컷,1,2,중립,흰색계열,아니오,미상,미입양
866,믹스견,수컷,11,146,사람을 잘 따름,검정색계열,아니오,미상,미입양
867,보더 콜리,수컷,20,26,중립,혼합색계열,아니오,귀 밑에 살짝 찍힌 상처 있음,입양
868,믹스견,암컷,3,2,사람을 잘 따름,혼합색계열,아니오,미상,입양
869,믹스견,암컷,14,26,중립,흰색계열,아니오,발톱관리 잘되어있음,미입양
870,믹스견,수컷,3,2,중립,혼합색계열,아니오,체리 아이 있음,미입양
871,믹스견,암컷,3,2,사람을 경계함,황색계열,아니오,미상,미입양
872,믹스견,암컷,3,2,중립,혼합색계열,아니오,털이 푸석푸석한편,미입양
873,믹스견,암컷,2.4,2,사람을 경계함,흰색계열,아니오,미상,미입양
874,믹스견,수컷,2.5,2,사람을 경계함,흰색계열,아니오,미상,미입양
875,믹스견,암컷,3,2,중립,흰색계열,아니오,미상,미입양
876,믹스견,수컷,2.5,2,중립,흰색계열,아니오,미상,미입양
877,믹스견,암컷,2.5,2,중립,흰색계열,아니오,변상태가 살짝 묽은 편,미입양
878,믹스견,암컷,15,26,중립,흰색계열,아니오,미상,미입양
879,믹스견,수컷,10,146,사람을 경계함,황색계열,아니오,미상,미입양
880,믹스견,암컷,12,146,중립,황색계열,아니오,미상,미입양
881,믹스견,암컷,12,146,중립,혼합색계열,아니오,"임신 추정, 젖이 불어 있음",미입양
882,믹스견,수컷,10,146,중립,혼합색계열,아니오,미상,미입양
883,믹스견,수컷,10,146,중립,흰색계열,아니오,미상,미입양
884,믹스견,수컷,9,146,중립,흰색계열,아니오,콧잔등에 상처가 있음,미입양
885,믹스견,수컷,10,146,중립,흰색계열,아니오,미상,미입양
886,믹스견,암컷,7,2,중립,혼합색계열,아니오,미상,미입양
887,믹스견,수컷,12,2,중립,흰색계열,아니오,건강한 상태,미입양
888,믹스견,암컷,17,26,중립,황색계열,아니오,미상,미입양
889,믹스견,수컷,16,38,사람을 경계함,흰색계열,아니오,콧잔등이 까져 있음,미입양
890,푸들,암컷,3,38,사람을 경계함,갈색계열,아니오,미상,입양
891,푸들,수컷,5,62,사람을 경계함,갈색계열,아니오,미상,입양
892,믹스견,수컷,2,2,사람을 경계함,황색계열,아니오,미상,입양
893,믹스견,암컷,4,2,사람을 경계함,흰색계열,아니오,털이 푸석푸석함,미입양
894,믹스견,암컷,4,38,사람을 잘 따름,흰색계열,아니오,미상,미입양
895,진도견,수컷,23,110,중립,흰색계열,아니오,코가 붉은색이며 이마에 찍힌 자국이 살짝 있음,미입양
896,믹스견,수컷,8,146,중립,혼합색계열,아니오,미상,미입양
897,믹스견,암컷,8,38,중립,검정색계열,아니오,"교통사고(좌측 대퇴골 골절), 예후 몹시 불량함",미입양
898,페키니즈,암컷,3,50,중립,혼합색계열,미상,털관리 부족해 보임,입양
899,말티즈,수컷,3,86,중립,흰색계열,아니오,"우측 눈 백내장 있음, 털 관리가 되어 있지 않음",미입양
900,믹스견,수컷,3,2,사람을 경계함,검정색계열,아니오,미상,미입양
901,믹스견,암컷,3,2,사람을 경계함,혼합색계열,아니오,물범상임,입양
902,믹스견,암컷,2.5,2,중립,흰색계열,아니오,코에 색소가 덜 찬 초코칩코,입양
903,믹스견,암컷,3,2,중립,흰색계열,아니오,왼쪽 입만 붉은색,미입양
904,믹스견,암컷,17,146,사람을 잘 따름,황색계열,아니오,미상,입양
905,믹스견,암컷,3,2,중립,황색계열,아니오,발목양말신음,미입양
906,진도견,수컷,17,26,중립,황색계열,아니오,미상,미입양
907,말티즈,수컷,3.5,86,중립,흰색계열,아니오,"눈물자국이 있음, 털관리 부족",미입양
908,진도견,수컷,17,26,사람을 경계함,흰색계열,아니오,미상,미입양
909,진도견,수컷,18,38,중립,황색계열,아니오,미상,입양
910,믹스견,암컷,13,26,중립,황색계열,아니오,미상,미입양
911,믹스견,암컷,13,146,중립,흰색계열,아니오,미상,미입양
912,믹스견,수컷,17,62,사람을 경계함,흰색계열,아니오,미상,미입양
913,믹스견,암컷,6,2,중립,황색계열,아니오,"교통사고 (관골 골절)로 기립불능, 예후 몹시불량함",미입양
914,믹스견,수컷,3.5,2,중립,황색계열,아니오,미상,미입양
915,믹스견,암컷,3.2,2,중립,혼합색계열,아니오,미상,미입양
916,믹스견,수컷,3.5,2,중립,혼합색계열,아니오,발 털만 미색,미입양
917,믹스견,수컷,3.5,2,중립,황색계열,아니오,미상,미입양
918,믹스견,수컷,6,38,중립,흰색계열,예,미상,입양
919,믹스견,암컷,15,74,사람을 잘 따름,황색계열,아니오,변이 묽은 편,미입양
920,믹스견,수컷,16,26,중립,흰색계열,아니오,미상,미입양
921,믹스견,암컷,0.6,2,중립,흰색계열,아니오,미상,미입양
922,믹스견,암컷,0.5,2,중립,흰색계열,아니오,미상,미입양
923,믹스견,수컷,0.6,2,중립,흰색계열,아니오,미상,미입양
924,믹스견,수컷,0.6,2,중립,흰색계열,아니오,미상,미입양
925,믹스견,암컷,15,62,중립,흰색계열,아니오,미상,미입양
926,닥스훈트,수컷,6,74,사람을 경계함,검정색계열,아니오,관리가 되어있는 편,입양
927,믹스견,암컷,3,2,중립,흰색계열,아니오,미상,미입양
928,믹스견,수컷,3.5,2,중립,흰색계열,아니오,미상,미입양
929,포메라니안,수컷,4,38,중립,혼합색계열,아니오,미상,입양
930,믹스견,수컷,20,62,중립,흰색계열,아니오,미상,미입양
931,믹스견,암컷,8,38,중립,검정색계열,아니오,발발이크기,미입양
932,믹스견,암컷,0.9,2,중립,검정색계열,아니오,발가락만 흰털임,미입양
933,믹스견,암컷,1,2,중립,혼합색계열,아니오,미상,미입양
934,믹스견,암컷,1,2,중립,혼합색계열,아니오,코에 색소가 차지 않음,미입양
935,믹스견,수컷,1,2,중립,검정색계열,아니오,미상,미입양
936,말티즈,수컷,5,86,중립,흰색계열,예,미상,입양
937,말티즈,암컷,3,86,중립,흰색계열,아니오,"관리 잘 되어있음, 미용한지 얼마 안되어 보임",입양
938,믹스견,암컷,12,146,중립,흰색계열,미상,미상,미입양
939,말티즈,암컷,8,25,중립,흰색계열,미상,미상,미입양
940,믹스견,수컷,9,145,사람을 경계함,황색계열,아니오,미상,미입양
941,시바,수컷,13,73,사람을 잘 따름,황색계열,아니오,미상,미입양
942,믹스견,암컷,5,1,중립,혼합색계열,아니오,살집이 있는 편,미입양
943,믹스견,암컷,4,1,중립,흰색계열,아니오,미상,미입양
944,믹스견,암컷,2.5,1,중립,흰색계열,아니오,미상,미입양
945,말티즈,암컷,4,61,중립,흰색계열,미상,관리되어 있음,입양
946,믹스견,암컷,5,121,사람을 잘 따름,흰색계열,미상,미상,미입양
947,믹스견,수컷,15,37,사람을 경계함,흰색계열,아니오,미상,미입양
948,믹스견,수컷,4,1,사람을 잘 따름,혼합색계열,아니오,미상,입양
949,믹스견,암컷,15,49,사람을 경계함,흰색계열,미상,미상,미입양
950,믹스견,암컷,7,1,사람을 경계함,흰색계열,아니오,미상,입양
951,웰시 코기 카디건,암컷,6.5,1,사람을 경계함,혼합색계열,미상,아이홀이 깊음,입양
952,믹스견,수컷,7,49,사람을 경계함,혼합색계열,예,미상,입양
953,골든 리트리버,암컷,30,61,중립,흰색계열,아니오,사망,미입양
954,푸들,암컷,7,121,사람을 잘 따름,흰색계열,미상,백내장 살짝 있음,미입양
955,믹스견,수컷,2.5,1,중립,검정색계열,아니오,미상,미입양
956,믹스견,수컷,2.3,1,중립,황색계열,아니오,미상,미입양
957,믹스견,암컷,2,1,중립,황색계열,아니오,미상,미입양
958,믹스견,수컷,2.5,1,중립,혼합색계열,아니오,미상,입양
959,믹스견,암컷,14,61,중립,황색계열,아니오,피부병 심함,미입양
960,믹스견,암컷,3,1,중립,흰색계열,아니오,미상,입양
961,믹스견,수컷,17,73,중립,혼합색계열,아니오,미상,미입양
962,믹스견,수컷,14,61,중립,흰색계열,아니오,미상,미입양
963,믹스견,수컷,15,1,사람을 경계함,검정색계열,아니오,미상,미입양
964,화이트테리어,수컷,8,145,사람을 잘 따름,흰색계열,아니오,미상,입양
965,믹스견,수컷,17,1,중립,황색계열,아니오,"대퇴골 골절, 예후 불량",미입양
966,퍼그,암컷,8,37,중립,황색계열,미상,미상,입양
967,믹스견,암컷,2,1,중립,황색계열,아니오,미상,미입양
968,믹스견,암컷,2,1,중립,혼합색계열,아니오,미상,미입양
969,포메라니안,수컷,4.2,73,사람을 잘 따름,황색계열,아니오,미상,입양
970,진도견,암컷,18,85,사람을 잘 따름,황색계열,미상,미상,미입양
971,믹스견,수컷,6,97,사람을 경계함,혼합색계열,아니오,미상,입양
972,믹스견,암컷,3.5,1,사람을 경계함,황색계열,아니오,미상,미입양
973,믹스견,암컷,3.5,1,사람을 경계함,황색계열,아니오,미상,미입양
974,믹스견,암컷,3.5,1,사람을 경계함,흰색계열,아니오,미상,미입양
975,믹스견,수컷,17,61,중립,흰색계열,아니오,"의식불명, 예후 불량함",미입양
976,믹스견,수컷,18,61,중립,흰색계열,아니오,"의식 없음, 예후 매우 몹시 엄청 안 좋음",미입양
977,올드 잉글리쉬 불독,암컷,15,37,중립,갈색계열,아니오,미상,미입양
978,믹스견,암컷,0.7,1,중립,흰색계열,아니오,미상,입양
979,믹스견,수컷,1,1,중립,흰색계열,아니오,미상,입양
980,믹스견,수컷,1,1,중립,흰색계열,아니오,미상,입양
981,믹스견,암컷,1,1,중립,혼합색계열,아니오,미상,입양
982,믹스견,암컷,12,49,중립,혼합색계열,미상,뇌진탕,미입양
983,믹스견,수컷,17,61,사람을 경계함,흰색계열,아니오,코가 핑크색임,미입양
984,아키다,수컷,23,85,사람을 경계함,흰색계열,아니오,미상,미입양
985,믹스견,암컷,8,73,사람을 잘 따름,흰색계열,미상,코가 까져있음,미입양
986,진도견,수컷,12,25,사람을 잘 따름,황색계열,아니오,미상,미입양
987,믹스견,수컷,10,25,사람을 잘 따름,흰색계열,아니오,관리 잘되어있음,입양
988,슈나우져,수컷,3,97,사람을 경계함,혼합색계열,아니오,미상,미입양
989,믹스견,수컷,3,12,중립,혼합색계열,아니오,미상,미입양
990,믹스견,암컷,2.8,12,중립,혼합색계열,아니오,미상,미입양
991,믹스견,암컷,3,12,중립,흰색계열,아니오,미상,입양
992,믹스견,암컷,3,12,중립,흰색계열,아니오,미상,미입양
993,믹스견,암컷,3,12,중립,혼합색계열,아니오,"코가 점박이임, 오른쪽 앞다리 발목 양말 털",미입양
994,믹스견,암컷,3,12,중립,황색계열,아니오,주둥이만 검정털임,미입양
995,믹스견,암컷,3,12,중립,혼합색계열,아니오,우측뒷발가락 피부병 있음,미입양
996,믹스견,수컷,3.5,12,중립,황색계열,아니오,미상,미입양
997,진도견,암컷,20,60,사람을 잘 따름,흰색계열,아니오,미상,미입양
998,화이트리트리버,수컷,24,72,사람을 잘 따름,흰색계열,아니오,앞다리에 상처딱지 있음,입양
999,믹스견,암컷,9,72,중립,황색계열,미상,미상,미입양
1000,믹스견,수컷,10,84,중립,검정색계열,아니오,털관리 안되어있음,미입양
1001,시츄,암컷,3,12,중립,혼합색계열,미상,미상,입양
1002,시바,수컷,3.5,12,중립,황색계열,아니오,미상,입양
1003,시바,암컷,10,72,사람을 잘 따름,검정색계열,미상,좌측 후지 거상,미입양
1004,진도견,수컷,13,48,사람을 잘 따름,흰색계열,아니오,미상,입양
1005,포메라니안,암컷,4,48,중립,흰색계열,미상,미상,입양
1006,푸들,암컷,4,60,사람을 잘 따름,갈색계열,미상,침을 많이 흘림,입양
1007,믹스견,수컷,10,108,사람을 경계함,흰색계열,아니오,미상,미입양
1008,믹스견,암컷,4,12,중립,흰색계열,아니오,미상,미입양
1009,믹스견,암컷,9,48,중립,흰색계열,아니오,코가 붉은색임,미입양
1010,믹스견,암컷,22,72,사람을 잘 따름,혼합색계열,미상,미상,입양
1011,믹스견,수컷,8,12,중립,황색계열,아니오,미상,미입양
1012,믹스견,암컷,9,156,중립,흰색계열,미상,미상,미입양
1013,진도견,수컷,19,84,중립,황색계열,아니오,미상,미입양
1014,믹스견,암컷,3.5,12,중립,혼합색계열,아니오,미상,미입양
1015,믹스견,암컷,4,12,중립,황색계열,아니오,미상,미입양
1016,믹스견,암컷,3.5,12,중립,황색계열,아니오,미상,미입양
1017,믹스견,수컷,4,12,중립,흰색계열,아니오,미상,미입양
1018,믹스견,암컷,12,156,중립,흰색계열,아니오,미상,미입양
1019,믹스견,수컷,8,84,사람을 경계함,황색계열,아니오,미상,미입양
1020,프렌치 불독,암컷,6,60,사람을 잘 따름,황색계열,미상,미상,입양
1021,믹스견,암컷,0.6,1,중립,황색계열,아니오,코에 주름 있음,입양
1022,믹스견,수컷,0.6,12,중립,혼합색계열,아니오,미상,입양
1023,믹스견,암컷,0.6,12,중립,혼합색계열,아니오,미상,입양
1024,믹스견,수컷,15,72,사람을 경계함,흰색계열,아니오,미상,미입양
1025,웰시 코기 펨브로크,암컷,12,84,중립,혼합색계열,미상,미상,미입양
1026,믹스견,수컷,8,48,중립,흰색계열,아니오,미상,입양
1027,믹스견,수컷,14,72,사람을 경계함,흰색계열,아니오,미상,미입양
1028,요크셔 테리어,수컷,3.5,96,중립,황색계열,예,"눈곱이 많이 낌, 미용이 되어있음",미입양
1029,시츄,암컷,5,96,중립,혼합색계열,미상,비만임,미입양
1030,말티즈,암컷,3,72,중립,흰색계열,아니오,배에 상처가 심함,미입양
1031,말티즈,암컷,5,72,중립,흰색계열,미상,"비만, 관리되어있음",입양
1032,골든 리트리버,수컷,35,72,중립,흰색계열,아니오,"코가 붉음, 얼굴에 주름있음",입양
1033,믹스견,암컷,2,12,중립,혼합색계열,아니오,미상,입양
1034,믹스견,수컷,4,12,중립,혼합색계열,아니오,미상,미입양
1035,믹스견,수컷,4,12,중립,혼합색계열,아니오,미상,미입양
1036,믹스견,수컷,4,12,중립,혼합색계열,아니오,미상,미입양
1037,믹스견,수컷,4,12,중립,혼합색계열,아니오,미상,미입양
1038,믹스견,암컷,10,48,사람을 경계함,혼합색계열,아니오,젖이 늘어져있음,입양
1039,시바,암컷,15,71,사람을 경계함,검정색계열,미상,미상,미입양
1040,웰시 코기 펨브로크,암컷,12,71,사람을 잘 따름,혼합색계열,미상,관리가 잘되어있음,입양
1041,믹스견,수컷,15,47,사람을 경계함,황색계열,아니오,머리 상처 있음,미입양
1042,믹스견,수컷,15,59,중립,흰색계열,아니오,"왼쪽 대퇴골 이상, 얼굴 부어있음, 다리를 쓰지 못함, 예후 몹시 불량함",미입양
1043,믹스견,암컷,14,71,사람을 잘 따름,혼합색계열,아니오,미상,입양
1044,믹스견,수컷,18,59,중립,황색계열,아니오,털관리 전혀 되어있지 않음,미입양
1045,믹스견,암컷,7,59,중립,흰색계열,아니오,미상,입양
1046,믹스견,수컷,9,59,중립,혼합색계열,아니오,눈 충혈되어있음,미입양
1047,믹스견,암컷,18,119,사람을 경계함,황색계열,아니오,미상,미입양
1048,믹스견,암컷,2,11,중립,혼합색계열,아니오,미상,미입양
1049,믹스견,수컷,2,11,중립,혼합색계열,아니오,미상,미입양
1050,믹스견,암컷,2,11,중립,혼합색계열,아니오,미상,미입양
1051,믹스견,암컷,2,11,중립,혼합색계열,아니오,발가락만 흰색,미입양
1052,프렌치 불독,암컷,5,35,중립,혼합색계열,미상,미상,입양
1053,포메라니안,수컷,3.5,11,중립,흰색계열,아니오,미상,입양
1054,스피츠,수컷,5,71,중립,흰색계열,아니오,미상,입양
1055,믹스견,암컷,1,11,중립,혼합색계열,아니오,"탈수, 영양실조 있음",미입양
1056,믹스견,수컷,1,11,중립,혼합색계열,아니오,"탈수, 영양실조 있음",미입양
1057,믹스견,수컷,1,11,중립,혼합색계열,아니오,"탈수, 영양실조, 코에 황색점 있음",미입양
1058,믹스견,암컷,1,11,중립,혼합색계열,아니오,"탈수, 영양실조 있음",미입양
1059,믹스견,암컷,1,11,중립,혼합색계열,아니오,"탈수, 영양실조 있음",미입양
1060,믹스견,수컷,3,11,중립,혼합색계열,아니오,미상,미입양
1061,믹스견,암컷,3,11,사람을 경계함,흰색계열,아니오,미상,미입양
1062,믹스견,암컷,3,11,중립,혼합색계열,아니오,미상,미입양
1063,믹스견,암컷,3,11,중립,흰색계열,아니오,미상,미입양
1064,푸들,수컷,5,71,중립,갈색계열,아니오,미상,입양
1065,말티즈,수컷,4.5,131,중립,흰색계열,예,혀 끝이 딱딱함,입양
1066,믹스견,암컷,13,47,중립,혼합색계열,아니오,"뒷다리 골절, 기립불가, 예후 몹시 불량함",미입양
1067,믹스견,수컷,5,47,사람을 경계함,황색계열,아니오,미상,입양
1068,믹스견,암컷,13,35,사람을 잘 따름,흰색계열,아니오,미상,미입양
1069,믹스견,수컷,0.6,11,중립,갈색계열,아니오,수유개체,미입양
1070,믹스견,수컷,0.6,11,중립,흰색계열,아니오,수유개체,미입양
1071,믹스견,수컷,0.6,11,중립,흰색계열,아니오,수유개체,미입양
1072,믹스견,암컷,0.6,11,중립,흰색계열,아니오,수유개체,미입양
1073,믹스견,암컷,0.6,11,중립,혼합색계열,아니오,수유개체,입양
1074,믹스견,수컷,0.6,11,중립,혼합색계열,아니오,수유개체,입양
1075,믹스견,암컷,12,47,중립,흰색계열,아니오,미상,미입양
1076,믹스견,수컷,4,11,중립,혼합색계열,아니오,미상,미입양
1077,믹스견,암컷,4,11,중립,갈색계열,아니오,미상,미입양
1078,믹스견,수컷,4,47,중립,황색계열,아니오,미상,미입양
1079,베들링턴 테리어,수컷,9,83,중립,회색계열,아니오,미상,미입양
1080,믹스견,수컷,3,71,중립,검정색계열,아니오,고환 상처 있음,입양
1081,믹스견,수컷,5,35,사람을 잘 따름,혼합색계열,아니오,미상,미입양
1082,믹스견,암컷,3,11,사람을 경계함,황색계열,아니오,미상,미입양
1083,믹스견,수컷,5,11,사람을 잘 따름,흰색계열,아니오,몹시마름,미입양
1084,믹스견,암컷,12,47,중립,갈색계열,미상,미상,입양
1085,말티즈,암컷,2.9,47,사람을 잘 따름,흰색계열,미상,"유치와 영구치가 같이 나있음, 털관리 발톱 관리 안되어있음",입양
1086,포인터,암컷,20,83,중립,갈색계열,미상,미상,입양
1087,믹스견,암컷,2.5,1,중립,흰색계열,아니오,털복숭이임,입양
1088,믹스견,수컷,2.5,11,중립,검정색계열,아니오,미상,미입양
1089,믹스견,암컷,2.5,11,중립,검정색계열,아니오,미상,미입양
1090,믹스견,수컷,2.5,11,중립,흰색계열,아니오,털이 짧음,미입양
1091,믹스견,암컷,15,47,사람을 잘 따름,흰색계열,아니오,미상,미입양
1092,믹스견,수컷,9,47,사람을 잘 따름,흰색계열,아니오,"털 관리 전혀 되어있지 않음, 떠돌이 생활 오래한 듯함",입양
1093,푸들,수컷,3,131,중립,갈색계열,미상,치석 매우 많음,미입양
1094,믹스견,암컷,4,11,사람을 잘 따름,흰색계열,아니오,미상,미입양
1095,믹스견,암컷,9,47,중립,흰색계열,미상,미상,미입양
1096,믹스견,암컷,10,35,중립,황색계열,아니오,다리가 얇고 김,미입양
1097,포메라니안,수컷,3.5,47,사람을 경계함,흰색계열,예,피부병 매우 심함,입양
1098,치와와,암컷,2,59,중립,혼합색계열,미상,미상,입양
1099,믹스견,수컷,20,83,중립,흰색계열,아니오,얼굴에 상처가 많음,미입양
1100,믹스견,수컷,9,46,사람을 경계함,흰색계열,아니오,미상,입양
1101,믹스견,수컷,2.5,10,중립,황색계열,아니오,미상,미입양
1102,믹스견,암컷,2.5,10,중립,황색계열,아니오,미상,미입양
1103,믹스견,수컷,2.5,10,중립,흰색계열,아니오,미상,미입양
1104,믹스견,암컷,9,46,중립,황색계열,아니오,미상,미입양
1105,믹스견,수컷,11,34,중립,흰색계열,아니오,미상,미입양
1106,믹스견,수컷,3.5,10,중립,혼합색계열,아니오,발이 다 황색임,입양
1107,믹스견,암컷,8,46,중립,혼합색계열,아니오,미상,미입양
1108,믹스견,수컷,2.5,10,중립,흰색계열,아니오,미상,미입양
1109,믹스견,암컷,2.5,10,중립,흰색계열,아니오,미상,미입양
1110,믹스견,암컷,2.5,10,중립,흰색계열,아니오,미상,미입양
1111,믹스견,수컷,2.5,10,중립,혼합색계열,아니오,미상,미입양
1112,믹스견,암컷,2.5,10,중립,황색계열,아니오,미상,입양
1113,보더 콜리,수컷,18,58,중립,혼합색계열,아니오,미상,미입양
1114,보더 콜리,암컷,17,58,중립,혼합색계열,미상,미상,미입양
1115,코카 스파니엘,수컷,4,10,중립,혼합색계열,아니오,목욕흔적 있음,입양
1116,웰시 코기 카디건,암컷,2.5,10,중립,혼합색계열,아니오,미상,미입양
1117,진도견,수컷,21,58,사람을 잘 따름,흰색계열,아니오,미상,입양
1118,믹스견,암컷,8,34,사람을 경계함,검정색계열,아니오,미상,미입양
1119,믹스견,암컷,0.9,10,중립,흰색계열,아니오,수유개체,미입양
1120,믹스견,수컷,0.9,10,중립,혼합색계열,아니오,수유개체,미입양
1121,믹스견,암컷,0.9,10,중립,혼합색계열,아니오,수유개체,미입양
1122,믹스견,수컷,0.9,10,중립,혼합색계열,아니오,수유개체,미입양
1123,믹스견,암컷,0.9,10,중립,혼합색계열,아니오,수유개체,미입양
1124,믹스견,수컷,0.9,10,중립,혼합색계열,아니오,수유개체,미입양
1125,믹스견,암컷,0.9,10,중립,혼합색계열,아니오,수유개체,미입양
1126,믹스견,암컷,15,46,사람을 경계함,황색계열,아니오,미상,미입양
1127,믹스견,수컷,5,58,사람을 경계함,검정색계열,아니오,털이 엉켜있음,미입양
1128,믹스견,수컷,7,94,중립,혼합색계열,아니오,미상,미입양
1129,믹스견,암컷,12,46,중립,황색계열,아니오,미상,미입양
1130,믹스견,수컷,9,130,중립,흰색계열,아니오,"털이 엉켜있음, 입이 점박이임",미입양
1131,스피츠,수컷,9,70,중립,흰색계열,예,"눈물자국이 진함, 털관리가 되어있음",입양
1132,라브라도 리트리버,수컷,25,70,중립,흰색계열,아니오,비만임,미입양
1133,믹스견,암컷,4,10,중립,혼합색계열,아니오,미상,미입양
1134,믹스견,수컷,4,10,중립,혼합색계열,아니오,미상,미입양
1135,믹스견,수컷,4,10,중립,혼합색계열,아니오,미상,미입양
1136,믹스견,암컷,4,10,중립,혼합색계열,아니오,미상,미입양
1137,믹스견,암컷,4,10,중립,혼합색계열,아니오,왼쪽 코옆 피부염 있음,미입양
1138,믹스견,수컷,4,10,중립,혼합색계열,아니오,미상,미입양
1139,믹스견,암컷,4,10,중립,황색계열,아니오,피부염 있음 (오른쪽 입 옆),미입양
1140,믹스견,암컷,14,46,중립,흰색계열,아니오,젖이 늦어져있음,미입양
1141,믹스견,암컷,8,58,중립,검정색계열,아니오,젖이 늘어져있음,미입양
1142,믹스견,암컷,7,34,중립,흰색계열,아니오,"피부염, 모낭충 의심, 피부상태 매우 심각함",입양
1143,믹스견,암컷,5,34,사람을 잘 따름,흰색계열,아니오,"다리 다침, 임신 추정",미입양
1144,믹스견,수컷,3,10,중립,검정색계열,아니오,"탈모, 피부병, 매우 마름",미입양
1145,푸들,수컷,2,10,중립,갈색계열,아니오,털관리가 안되어있음,입양
1146,믹스견,암컷,4,10,사람을 경계함,흰색계열,아니오,미상,미입양
1147,포메라니안,수컷,1.85,10,중립,갈색계열,아니오,미상,입양
1148,믹스견,수컷,3.5,10,중립,흰색계열,아니오,귀가 늘어져 있음,미입양
1149,믹스견,수컷,4,10,중립,흰색계열,아니오,귀가 늘어져 있음,미입양
1150,믹스견,수컷,23,46,중립,흰색계열,아니오,미상,미입양
1151,믹스견,수컷,8,34,중립,황색계열,아니오,"눈썹 위에 살짝 상처 있음, 황색",미입양
1152,믹스견,암컷,6,10,중립,혼합색계열,아니오,미상,입양
1153,믹스견,수컷,6,10,중립,황색계열,아니오,콧에 상처 있음,입양
1154,믹스견,암컷,8,58,중립,흰색계열,미상,미상,입양
1155,믹스견,수컷,19,34,중립,흰색계열,아니오,다리가 짧음,미입양
1156,포메라니안,암컷,2,10,중립,흰색계열,아니오,건강함,입양
1157,코카 스파니엘,암컷,6,70,중립,흰색계열,미상,눈물자국 있음,입양
1158,푸들,수컷,6,118,중립,갈색계열,미상,털관리가 안된편,미입양
1159,믹스견,수컷,6,10,사람을 경계함,흰색계열,아니오,미상,미입양
1160,믹스견,수컷,6,9,중립,흰색계열,아니오,미상,미입양
1161,시츄,암컷,4,81,중립,혼합색계열,미상,미상,입양
1162,믹스견,암컷,14,33,중립,황색계열,아니오,젖이 늘어져있음,미입양
1163,믹스견,암컷,10,33,중립,흰색계열,아니오,미상,미입양
1164,믹스견,암컷,10,33,중립,황색계열,미상,젖이 늦어져 있음,미입양
1165,믹스견,암컷,4,9,중립,흰색계열,아니오,미상,입양
1166,믹스견,수컷,4,9,중립,흰색계열,아니오,미상,미입양
1167,믹스견,암컷,13,33,사람을 잘 따름,혼합색계열,미상,미상,입양
1168,시바,수컷,12,69,중립,황색계열,아니오,"우측 대퇴골 골절 (교통사고), 예후 매우 불량",미입양
1169,빠삐용,수컷,4.5,57,사람을 잘 따름,혼합색계열,아니오,미상,입양
1170,믹스견,수컷,18,57,중립,흰색계열,아니오,"탈모 증상 있음, 피부병 매우 심함",미입양
1171,믹스견,암컷,20,45,사람을 경계함,검정색계열,미상,미상,미입양
1172,포메라니안,암컷,4,45,중립,흰색계열,미상,미상,입양
1173,믹스견,수컷,4.5,45,중립,흰색계열,아니오,미상,입양
1174,푸들,암컷,4,33,중립,갈색계열,아니오,"왼쪽뒷다리 대퇴골 골절 의심, 절뚝거리면서 걸음",입양
1175,아키다,수컷,25,57,중립,흰색계열,아니오,미상,미입양
1176,믹스견,수컷,18,57,중립,흰색계열,아니오,매우 말랐음,미입양
1177,믹스견,암컷,4,57,중립,흰색계열,미상,미상,미입양
1178,믹스견,암컷,16,33,중립,혼합색계열,미상,미상,입양
1179,요크셔 테리어,수컷,2.7,45,중립,혼합색계열,아니오,말랐음,입양
1180,스피츠,암컷,5,33,중립,흰색계열,미상,미상,입양
1181,믹스견,수컷,10,33,사람을 잘 따름,혼합색계열,아니오,미상,미입양
1182,믹스견,암컷,40,57,중립,황색계열,미상,마취상태로 깨어나지 못함,미입양
1183,믹스견,수컷,14,153,중립,검정색계열,아니오,미상,미입양
1184,믹스견,수컷,8,153,중립,흰색계열,아니오,"피부병 심함 (탈모), 기생충성 피부병 추정",미입양
1185,믹스견,수컷,3,9,중립,흰색계열,아니오,미상,입양
1186,믹스견,암컷,4,9,중립,혼합색계열,아니오,미상,입양
1187,믹스견,수컷,10,57,중립,황색계열,아니오,미상,미입양
1188,보더 콜리,암컷,10,57,사람을 경계함,혼합색계열,미상,미상,미입양
1189,믹스견,암컷,4,9,중립,흰색계열,아니오,건강함,입양
1190,믹스견,암컷,2.5,9,중립,혼합색계열,아니오,건강함,미입양
1191,믹스견,수컷,2.5,9,중립,혼합색계열,아니오,미상,미입양
1192,믹스견,수컷,2.5,9,중립,흰색계열,아니오,건강함,미입양
1193,믹스견,암컷,3,9,중립,혼합색계열,아니오,미상,미입양
1194,믹스견,수컷,20,33,사람을 경계함,흰색계열,아니오,미상,미입양
1195,믹스견,암컷,7,153,중립,흰색계열,미상,매우 말랐음,미입양
1196,믹스견,암컷,9,69,중립,황색계열,아니오,왼쪽눈 체리 아이 결막증,미입양
1197,믹스견,수컷,35,69,중립,혼합색계열,아니오,"교통사고로 기립불능, 예후 매우 불량",미입양
1198,믹스견,암컷,3,9,중립,혼합색계열,아니오,미상,미입양
1199,믹스견,수컷,3,9,중립,혼합색계열,아니오,미상,입양
1200,믹스견,암컷,3,9,중립,혼합색계열,아니오,미상,미입양
1201,믹스견,암컷,3,9,중립,황색계열,아니오,미상,미입양
1202,믹스견,암컷,3,9,중립,혼합색계열,아니오,미상,미입양
1203,믹스견,수컷,3,9,중립,혼합색계열,아니오,미상,미입양
1204,믹스견,수컷,3,9,중립,혼합색계열,아니오,미상,미입양
1205,믹스견,수컷,3,9,중립,혼합색계열,아니오,미상,미입양
1206,믹스견,수컷,9,152,사람을 경계함,혼합색계열,아니오,미상,미입양
1207,믹스견,수컷,8,56,중립,흰색계열,아니오,매우 마름,미입양
1208,믹스견,암컷,8,152,중립,흰색계열,아니오,미상,미입양
1209,시바,암컷,12,44,사람을 잘 따름,혼합색계열,미상,미상,입양
1210,믹스견,암컷,20,44,중립,검정색계열,아니오,미상,미입양
1211,믹스견,암컷,18,44,중립,혼합색계열,아니오,"우측 후지 절단 (뼈가 보임), 예후 몹시 불량",미입양
1212,믹스견,수컷,15,152,중립,흰색계열,아니오,살에 파묻혀있음,미입양
1213,치와와,암컷,2.5,152,중립,흰색계열,미상,미상,입양
1214,푸들,암컷,3.5,56,중립,갈색계열,미상,미상,입양
1215,믹스견,암컷,13,32,중립,갈색계열,아니오,미상,입양
1216,푸들,수컷,2.5,152,중립,갈색계열,아니오,미용했음,입양
1217,믹스견,암컷,5,8,중립,혼합색계열,아니오,미상,미입양
1218,믹스견,암컷,17,44,사람을 경계함,검정색계열,미상,미상,미입양
1219,믹스견,암컷,16,32,사람을 경계함,흰색계열,미상,미상,미입양
1220,믹스견,암컷,10,152,중립,흰색계열,아니오,매우마름,미입양
1221,포메라니안,수컷,4,68,중립,흰색계열,미상,털이 많이 엉켜있음,입양
1222,믹스견,암컷,5,152,중립,검정색계열,미상,말랐음,미입양
1223,믹스견,암컷,7,44,중립,갈색계열,미상,미상,미입양
1224,믹스견,수컷,3.5,8,중립,황색계열,아니오,미상,입양
1225,믹스견,암컷,17,44,중립,흰색계열,아니오,"식욕부진, 매우 말랐음",미입양
1226,믹스견,암컷,30,56,중립,혼합색계열,미상,미상,입양
1227,푸들,암컷,6,80,중립,갈색계열,미상,유선종양,입양
1228,믹스견,수컷,9,152,중립,황색계열,아니오,"후구마비, 예후불량",미입양
1229,믹스견,암컷,18,8,중립,흰색계열,아니오,"털갈이 중, 피부병, 진드기 많음",미입양
1230,믹스견,암컷,2.5,8,중립,흰색계열,아니오,미상,미입양
1231,믹스견,수컷,2.5,8,중립,혼합색계열,아니오,미상,미입양
1232,믹스견,암컷,2.5,8,중립,혼합색계열,아니오,미상,미입양
1233,믹스견,암컷,2.5,8,중립,흰색계열,아니오,미상,미입양
1234,믹스견,수컷,2.5,8,중립,흰색계열,아니오,미상,입양
1235,믹스견,수컷,2.5,8,중립,흰색계열,아니오,눈이 작음,미입양
1236,믹스견,암컷,2,8,중립,흰색계열,아니오,뒷발 피부병 있음(탈모증상),미입양
1237,믹스견,암컷,2,8,중립,흰색계열,아니오,꼬리 피부병(탈모증상),미입양
1238,믹스견,암컷,4,8,중립,황색계열,아니오,미상,미입양
1239,믹스견,수컷,4,8,중립,황색계열,아니오,미상,입양
1240,코카 스파니엘,수컷,2.5,8,중립,혼합색계열,아니오,미상,입양
1241,말티즈,수컷,4,92,중립,흰색계열,예,미상,입양
1242,믹스견,암컷,6,8,사람을 경계함,갈색계열,아니오,미상,미입양
1243,믹스견,수컷,15,44,중립,혼합색계열,아니오,미상,미입양
1244,믹스견,수컷,18,44,중립,흰색계열,아니오,미상,미입양
1245,스피츠,암컷,6,44,중립,흰색계열,미상,목욕 흔적 있음,입양
1246,시바,수컷,8,80,중립,혼합색계열,예,미상,미입양
1247,믹스견,수컷,3.5,44,중립,흰색계열,예,미상,입양
1248,믹스견,암컷,3.5,8,중립,흰색계열,아니오,미상,미입양
1249,믹스견,암컷,3.5,8,중립,흰색계열,아니오,미상,미입양
1250,믹스견,수컷,3.5,8,중립,흰색계열,아니오,미상,미입양
1251,믹스견,수컷,3.5,8,중립,흰색계열,아니오,미상,미입양
1252,믹스견,암컷,4,8,중립,흰색계열,아니오,미상,미입양
1253,믹스견,암컷,1.5,8,중립,갈색계열,아니오,수유개체,입양
1254,믹스견,암컷,0.35,8,중립,흰색계열,아니오,미상,입양
1255,믹스견,암컷,4,8,중립,흰색계열,아니오,미상,미입양
1256,믹스견,암컷,4,8,중립,갈색계열,아니오,미상,입양
1257,믹스견,암컷,4,8,중립,흰색계열,아니오,왼쪽 눈 밑 절창,미입양
1258,치와와,수컷,2.8,80,중립,혼합색계열,예,왼쪽 목 피부병,입양
1259,믹스견,수컷,20,56,중립,검정색계열,아니오,"오른쪽 둔부 타박상, 보행장애",미입양
1260,말티즈,수컷,4,80,중립,흰색계열,아니오,미상,입양
1261,믹스견,암컷,6,32,중립,갈색계열,아니오,미상,미입양
1262,아키다,수컷,27,32,중립,흰색계열,아니오,미상,입양
1263,믹스견,수컷,14,44,중립,흰색계열,아니오,콧잔등 까짐,입양
1264,믹스견,암컷,5,152,중립,갈색계열,미상,전신 교상으로 예후 매우 불량,미입양
1265,시츄,암컷,5,55,사람을 잘 따름,혼합색계열,미상,통통함,입양
1266,믹스견,암컷,16,31,중립,흰색계열,아니오,미상,미입양
1267,믹스견,수컷,0.35,7,중립,검정색계열,아니오,미상,미입양
1268,믹스견,암컷,0.35,7,중립,검정색계열,아니오,건강함,미입양
1269,믹스견,암컷,0.35,7,중립,검정색계열,아니오,건강함,미입양
1270,믹스견,암컷,0.35,7,중립,검정색계열,아니오,미상,미입양
1271,믹스견,수컷,0.35,7,중립,검정색계열,아니오,건강함,미입양
1272,치와와,암컷,4,55,중립,혼합색계열,미상,오른쪽 뒷다리 끌면서 걸어다님,미입양
1273,믹스견,암컷,5,31,중립,검정색계열,미상,미상,미입양
1274,믹스견,암컷,7,43,중립,갈색계열,아니오,"털이 엉켜있음, 꼬리가 뭉툭함",미입양
1275,믹스견,암컷,6,43,중립,갈색계열,아니오,털이 엉켜있음,미입양
1276,진도견,수컷,20,43,중립,검정색계열,아니오,미상,미입양
1277,믹스견,수컷,20,43,중립,혼합색계열,아니오,미상,미입양
1278,말티즈,수컷,3.6,115,중립,흰색계열,아니오,"기관지염 의심, 귀가 큼",미입양
1279,믹스견,수컷,15,31,중립,흰색계열,아니오,미상,미입양
1280,보더 콜리,암컷,10,67,중립,혼합색계열,미상,식욕절폐,미입양
1281,닥스훈트,암컷,7,31,중립,갈색계열,미상,미상,미입양
1282,믹스견,암컷,4.5,31,중립,흰색계열,미상,미상,입양
1283,믹스견,수컷,20,67,중립,혼합색계열,아니오,말랐음,미입양
1284,믹스견,암컷,7,31,중립,흰색계열,아니오,미상,미입양
1285,믹스견,암컷,4,7,중립,혼합색계열,아니오,미상,미입양
1286,믹스견,암컷,13,31,중립,혼합색계열,미상,미상,미입양
1287,믹스견,암컷,4,151,중립,흰색계열,아니오,미상,입양
1288,믹스견,수컷,18,55,중립,흰색계열,아니오,털갈이중,미입양
1289,스피츠,암컷,4,79,중립,흰색계열,미상,미상,입양
1290,믹스견,수컷,2.5,7,중립,혼합색계열,아니오,미상,미입양
1291,믹스견,수컷,16,43,중립,혼합색계열,미상,미상,미입양
1292,코카 스파니엘,암컷,10,43,중립,혼합색계열,미상,"교통사고로 인한 의식없음 (기립불능), 예후 매우 불능",미입양
1293,닥스훈트,암컷,4.5,67,중립,검정색계열,미상,관리 잘 되어있는 상태로 발견,입양
1294,코카 스파니엘,수컷,10,79,중립,흰색계열,아니오,눈병 심함,입양
1295,말티즈,수컷,3.5,79,중립,흰색계열,예,미상,입양
1296,믹스견,수컷,5,43,중립,갈색계열,아니오,"진드기, 피부병 매우 심한 상태",미입양
1297,포메라니안,암컷,3.5,91,중립,검정색계열,미상,미상,입양
1298,믹스견,수컷,7,31,중립,흰색계열,아니오,"진드기 전신감염(매우 상태 심함), 예후 불량(기립불능)",미입양
1299,믹스견,암컷,8,31,중립,흰색계열,미상,매우 말랐음,미입양
1300,푸들,암컷,3.5,103,중립,갈색계열,미상,배에 종양(육종),미입양
1301,믹스견,수컷,2,7,중립,흰색계열,아니오,미상,입양
1302,믹스견,수컷,2,7,중립,흰색계열,아니오,미상,미입양
1303,믹스견,수컷,2,7,중립,흰색계열,아니오,미상,입양
1304,믹스견,암컷,2,7,중립,흰색계열,아니오,미상,입양
1305,믹스견,암컷,2,7,중립,흰색계열,아니오,미상,미입양
1306,믹스견,암컷,2,7,중립,흰색계열,아니오,미상,미입양
1307,믹스견,수컷,4,7,중립,황색계열,아니오,"오른쪽 다리 골절, 군데군데 상처",미입양
1308,진도견,암컷,25,103,중립,흰색계열,미상,미상,미입양
1309,믹스견,암컷,2,7,중립,흰색계열,아니오,미상,미입양
1310,믹스견,수컷,2.5,7,중립,흰색계열,아니오,미상,입양
1311,골든 리트리버,수컷,28,67,중립,흰색계열,아니오,말랏음,미입양
1312,시바,암컷,9,31,중립,황색계열,미상,털갈이중,미입양
1313,믹스견,수컷,8,7,중립,혼합색계열,아니오,미상,미입양
1314,믹스견,암컷,4,7,중립,검정색계열,아니오,미상,미입양
1315,믹스견,수컷,4,7,중립,검정색계열,아니오,미상,미입양
1316,푸들,암컷,6,127,중립,갈색계열,미상,"어금니 없음, 오른쪽 뒷다리 절음",입양
1317,믹스견,수컷,8,7,중립,혼합색계열,아니오,미상,미입양
1318,믹스견,암컷,0.4,7,중립,흰색계열,아니오,미상,입양
1319,믹스견,암컷,0.4,7,중립,흰색계열,아니오,미상,미입양
1320,믹스견,암컷,0.4,7,중립,흰색계열,아니오,미상,입양
1321,믹스견,암컷,0.4,7,중립,검정색계열,아니오,미상,미입양
1322,믹스견,암컷,13,31,중립,검정색계열,아니오,미상,미입양
1323,믹스견,암컷,7,42,중립,갈색계열,미상,견갑부 쏠림 및 좌염,미입양
1324,믹스견,암컷,20,54,중립,황색계열,미상,미상,입양
1325,말티즈,암컷,5,126,중립,흰색계열,예,앞다리 휘어짐 (구루병),입양
1326,스피츠,암컷,7.5,42,중립,흰색계열,미상,미상,입양
1327,닥스훈트,암컷,4,78,중립,혼합색계열,미상,"교통사고추정, 혼수상태, 예후가 불량함",미입양
1328,푸들,암컷,3.5,6,사람을 경계함,갈색계열,아니오,피부병있음(둔부양측),입양
1329,시베리안 허스키,암컷,15,30,중립,혼합색계열,미상,털갈이중,미입양
1330,믹스견,수컷,4,6,중립,혼합색계열,아니오,미상,미입양
1331,믹스견,수컷,4,6,중립,혼합색계열,아니오,미상,미입양
1332,믹스견,수컷,4,6,중립,혼합색계열,아니오,미상,미입양
1333,말티즈,암컷,3,30,중립,흰색계열,미상,교통사고 추정(예후불량),미입양
1334,라이카,암컷,16,150,중립,흰색계열,미상,미상,미입양
1335,믹스견,수컷,3,6,중립,혼합색계열,아니오,미상,입양
1336,믹스견,수컷,8,6,중립,혼합색계열,아니오,털갈이중,미입양
1337,믹스견,수컷,2.5,6,중립,혼합색계열,아니오,미상,입양
1338,푸들,암컷,5,30,중립,흰색계열,아니오,눈물자국 심함,입양
1339,믹스견,암컷,12,30,중립,혼합색계열,아니오,미상,입양
1340,믹스견,암컷,1,6,중립,검정색계열,아니오,미상,입양
1341,믹스견,수컷,8,42,중립,흰색계열,아니오,미상,미입양
1342,닥스훈트,암컷,4,54,중립,갈색계열,미상,"우측 후관절 골절, 털색 얼룩무늬",입양
1343,말티즈,수컷,4,150,중립,흰색계열,예,목욕흔적있음,입양
1344,믹스견,암컷,14,54,중립,혼합색계열,미상,"탈모, 피부염 있음",미입양
1345,믹스견,수컷,2.5,6,중립,혼합색계열,아니오,미상,입양
1346,믹스견,수컷,7.5,6,중립,황색계열,아니오,미상,미입양
1347,믹스견,암컷,1,6,중립,흰색계열,아니오,수유개체,입양
1348,믹스견,수컷,16,30,중립,흰색계열,예,미상,미입양
1349,믹스견,수컷,15,6,중립,흰색계열,아니오,미상,미입양
1350,믹스견,수컷,3,6,중립,흰색계열,아니오,피부병 심함,미입양
1351,믹스견,암컷,3,6,중립,황색계열,아니오,피부병 심함,미입양
1352,믹스견,수컷,3,6,중립,황색계열,아니오,피부병 심함,미입양
1353,믹스견,암컷,3,6,중립,혼합색계열,아니오,피부염 심함,미입양
1354,믹스견,암컷,15,54,중립,혼합색계열,아니오,미상,미입양
1355,포메라니안,수컷,4,66,중립,흰색계열,아니오,등쪽 피부염,입양
1356,불독,암컷,9,66,중립,혼합색계열,아니오,미상,미입양
1357,믹스견,수컷,6,6,중립,흰색계열,아니오,미상,미입양
1358,믹스견,암컷,14,30,중립,흰색계열,아니오,미상,미입양
1359,스피츠,암컷,7,77,중립,흰색계열,아니오,미상,입양
1360,믹스견,암컷,3,5,중립,혼합색계열,아니오,미상,입양
1361,믹스견,암컷,6,5,중립,황색계열,아니오,미상,미입양
1362,믹스견,수컷,22,41,중립,흰색계열,아니오,미상,미입양
1363,믹스견,수컷,16,29,중립,혼합색계열,아니오,미상,미입양
1364,믹스견,수컷,6.5,65,중립,검정색계열,아니오,"귀 덮힘, 가슴상처",미입양
1365,진도견,수컷,12,41,중립,황색계열,아니오,미상,입양
1366,믹스견,암컷,3,5,중립,혼합색계열,아니오,결막염 있음,미입양
1367,믹스견,수컷,15,149,중립,황색계열,아니오,아래 이빨이 하나 없음,미입양
1368,믹스견,암컷,25,77,중립,흰색계열,아니오,꼬리위 엉덩이 피부염,미입양
1369,믹스견,암컷,4,5,중립,황색계열,아니오,미상,미입양
1370,믹스견,수컷,5,41,중립,흰색계열,아니오,미상,미입양
1371,믹스견,암컷,16,65,중립,흰색계열,미상,젖이 늘어져 있음,미입양
1372,믹스견,암컷,6,5,중립,흰색계열,아니오,귀가 늘어짐,미입양
1373,믹스견,암컷,5,5,중립,황색계열,아니오,미상,미입양
1374,푸들,수컷,6,125,중립,황색계열,예,눈물자국 있음,입양
1375,믹스견,암컷,5,5,중립,흰색계열,아니오,미상,입양
1376,믹스견,수컷,18,29,중립,흰색계열,아니오,다리 짧음,미입양
1377,믹스견,수컷,18,29,중립,흰색계열,아니오,미상,미입양
1378,믹스견,수컷,1.7,5,중립,흰색계열,아니오,미상,입양
1379,믹스견,암컷,2,5,중립,혼합색계열,아니오,미상,입양
1380,믹스견,암컷,2,5,중립,검정색계열,아니오,미상,입양
1381,포메라니안,수컷,5,89,중립,흰색계열,아니오,"탈모 증상 있음, 쌍거플 위에 까만점",미입양
1382,믹스견,수컷,23,41,중립,흰색계열,아니오,미상,미입양
1383,믹스견,암컷,17,41,중립,흰색계열,미상,미상,입양
1384,믹스견,수컷,13,41,중립,흰색계열,아니오,미상,미입양
1385,푸들,수컷,6,41,중립,흰색계열,아니오,미상,입양
1386,믹스견,암컷,16,29,중립,황색계열,아니오,미상,미입양
1387,믹스견,암컷,20,29,중립,검정색계열,미상,미상,미입양
1388,진도견,암컷,15,29,중립,흰색계열,미상,코끝까짐,미입양
1389,보더 콜리,암컷,18,65,중립,혼합색계열,미상,미상,미입양
1390,말티즈,수컷,4,113,중립,흰색계열,아니오,"하체 피부염 (탈모), 백내장 의심",미입양
1391,믹스견,암컷,1,5,중립,혼합색계열,아니오,매우 말랐으며 영양실조로 기력이 없고 걷질 못함,미입양
1392,믹스견,수컷,1,5,중립,검정색계열,아니오,매우 말랐으며 영양실조로 걷지 못함,입양
1393,믹스견,수컷,1,5,중립,혼합색계열,아니오,미상,입양
1394,믹스견,수컷,1.3,5,중립,황색계열,아니오,미상,미입양
1395,믹스견,수컷,1.2,5,중립,혼합색계열,아니오,미상,미입양
1396,푸들,수컷,6.5,77,중립,갈색계열,아니오,눈물자국 있음,입양
1397,믹스견,수컷,2,5,중립,흰색계열,아니오,미상,입양
1398,믹스견,수컷,2,5,중립,흰색계열,아니오,미상,미입양
1399,믹스견,암컷,15,41,중립,혼합색계열,미상,혈뇨,입양
1400,믹스견,암컷,20,29,중립,흰색계열,아니오,미상,미입양
1401,믹스견,수컷,3,5,중립,혼합색계열,아니오,미상,미입양
1402,믹스견,수컷,20,65,중립,흰색계열,아니오,"코끝 까짐, 매우 마름",미입양
1403,믹스견,암컷,1.8,5,중립,혼합색계열,아니오,미상,입양
1404,믹스견,암컷,1.8,5,중립,흰색계열,아니오,미상,입양
1405,믹스견,암컷,1.8,5,중립,흰색계열,아니오,미상,입양
1406,믹스견,암컷,1.8,5,중립,흰색계열,아니오,체구 작음,미입양
1407,믹스견,암컷,8,41,중립,혼합색계열,아니오,젖늘어져있음,미입양
1408,믹스견,수컷,4,5,중립,혼합색계열,아니오,목뒤에 상처있음(딱쟁이),입양
1409,치와와,암컷,4,5,중립,흰색계열,미상,하복부 찰과상,입양
1410,도베르만,수컷,25,41,중립,혼합색계열,아니오,미상,입양
1411,시바,암컷,10,41,중립,검정색계열,미상,미상,입양
1412,믹스견,수컷,10,77,중립,흰색계열,아니오,"털 뭉침, 오른쪽 뒷발 네 번째 발톱 빠짐",미입양
1413,믹스견,암컷,13,29,사람을 경계함,흰색계열,아니오,약간 말랐으며,미입양
1414,믹스견,수컷,4,5,중립,흰색계열,아니오,앞-뒷다리 피부병 있음(탈모),미입양
1415,믹스견,수컷,4,5,중립,혼합색계열,아니오,앞-뒷다리 피부병 있음(탈모),미입양
1416,믹스견,암컷,3,5,중립,검정색계열,아니오,미상,입양
1417,믹스견,수컷,3,5,중립,검정색계열,아니오,미상,미입양
1418,믹스견,수컷,2,5,중립,검정색계열,아니오,"온몸 젖어있음, 다른 형제들에 비해 작음",미입양
1419,믹스견,수컷,3,5,중립,검정색계열,아니오,온몸 젖어있음,미입양
1420,믹스견,수컷,3,5,중립,검정색계열,아니오,미상,미입양
1421,믹스견,수컷,13,41,사람을 경계함,흰색계열,아니오,미상,미입양
1422,믹스견,암컷,3,4,중립,황색계열,아니오,미상,입양
1423,믹스견,암컷,3,4,중립,검정색계열,아니오,미상,입양
1424,시츄,암컷,6,28,중립,혼합색계열,미상,미상,입양
1425,믹스견,암컷,13,28,중립,흰색계열,아니오,매우 마름,미입양
1426,믹스견,암컷,4,4,중립,황색계열,아니오,미상,입양
1427,스피츠,암컷,9,28,중립,흰색계열,아니오,눈물자국 있음,입양
1428,골든 리트리버,수컷,30,28,중립,흰색계열,아니오,미상,입양
1429,포메라니안,수컷,4.5,112,사람을 경계함,흰색계열,예,피부병(탈모)있음,입양
1430,믹스견,수컷,7,4,중립,검정색계열,미상,우측 후지 절음,미입양
1431,믹스견,수컷,18,28,중립,흰색계열,예,기력없음,미입양
1432,진도견,수컷,19,40,중립,혼합색계열,아니오,오른쪽 송곳니 부러져있음,입양
1433,믹스견,암컷,14,52,중립,혼합색계열,미상,미상,미입양
1434,믹스견,수컷,15,28,중립,흰색계열,아니오,"귀접힘, 코끝 분홍색, 눈물자국 있음",미입양
1435,퍼그,수컷,7,40,중립,검정색계열,아니오,미상,입양
1436,믹스견,암컷,4,4,중립,혼합색계열,아니오,미상,미입양
1437,믹스견,수컷,17,76,중립,흰색계열,아니오,"우측견치 손상, 보행장애(후구), 앞-뒷다리 우측 눈쪽 상처",미입양
1438,믹스견,암컷,9,40,중립,흰색계열,아니오,미상,미입양
1439,믹스견,암컷,18,40,중립,흰색계열,미상,우측 앞다리 상처,미입양
1440,믹스견,수컷,4,4,중립,흰색계열,아니오,귀접힘,미입양
1441,푸들,암컷,6,28,중립,흰색계열,예,미상,입양
1442,믹스견,수컷,8,3,중립,흰색계열,아니오,털날림 있음,미입양
1443,믹스견,수컷,9,63,중립,검정색계열,아니오,털날림 있음,미입양
1444,믹스견,암컷,2,3,중립,흰색계열,아니오,미상,입양
1445,믹스견,암컷,3,3,중립,검정색계열,아니오,미상,미입양
1446,믹스견,수컷,3,3,중립,검정색계열,아니오,건강한 상태,미입양
1447,믹스견,수컷,2,3,중립,혼합색계열,아니오,미상,입양
1448,믹스견,암컷,9,39,중립,혼합색계열,미상,미상,미입양
1449,믹스견,수컷,12,147,중립,흰색계열,아니오,미상,미입양
1450,보더 콜리,암컷,16,39,중립,혼합색계열,미상,미상,입양
1451,골든 리트리버,암컷,25,39,중립,황색계열,미상,코 끝 까져있음,입양
1452,라브라도 리트리버,암컷,27,39,중립,혼합색계열,아니오,"털 많이 빠짐, 젖 늘어져 있음",입양
1453,믹스견,수컷,8,75,중립,흰색계열,미상,치석 심함,미입양
1454,믹스견,수컷,9,3,중립,검정색계열,아니오,미상,입양
1455,믹스견,수컷,10,3,사람을 경계함,혼합색계열,아니오,미상,미입양
1456,믹스견,암컷,10,3,사람을 경계함,혼합색계열,아니오,미상,미입양
1457,삽살개,암컷,15,27,중립,혼합색계열,미상,털 엉켜있음,입양
1458,믹스견,수컷,8,3,사람을 경계함,혼합색계열,아니오,미상,미입양
1459,믹스견,수컷,8,3,중립,혼합색계열,아니오,미상,미입양
1460,믹스견,암컷,8,3,중립,검정색계열,아니오,미상,미입양
1461,믹스견,암컷,3.5,3,중립,황색계열,아니오,미상,입양
1462,믹스견,암컷,10,39,중립,황색계열,미상,미상,미입양
1463,믹스견,수컷,3,3,중립,검정색계열,아니오,미상,미입양
1464,믹스견,수컷,2,3,중립,혼합색계열,아니오,미상,입양
1465,믹스견,수컷,2,3,중립,흰색계열,아니오,미상,입양
1466,믹스견,암컷,2,3,중립,흰색계열,아니오,미상,미입양
1467,믹스견,암컷,9,39,중립,혼합색계열,아니오,미상,미입양
1468,믹스견,수컷,17,99,중립,황색계열,아니오,"몸 곳곳에 상처, 걷지 못함, 몸을 많이 떨고 있음, 예후 좋지 않음",미입양
1469,믹스견,수컷,10,3,중립,혼합색계열,아니오,덩치큼,미입양
1470,믹스견,수컷,10,3,중립,혼합색계열,아니오,미상,미입양
1471,믹스견,암컷,4,3,중립,흰색계열,아니오,귀접힘,미입양
1472,믹스견,암컷,12,39,중립,황색계열,아니오,젖 늘어져 있음,입양
1473,믹스견,암컷,2,3,중립,검정색계열,아니오,미상,미입양
1474,믹스견,암컷,2,3,중립,검정색계열,아니오,미상,미입양
1475,믹스견,암컷,2,3,중립,검정색계열,아니오,미상,미입양
1476,믹스견,수컷,2,3,중립,검정색계열,아니오,미상,미입양
1477,믹스견,암컷,12,39,사람을 경계함,검정색계열,아니오,미상,입양
1478,믹스견,암컷,2,3,중립,혼합색계열,아니오,깃털같이 가벼움,미입양
1479,믹스견,수컷,8,39,중립,흰색계열,아니오,미상,미입양
1480,믹스견,암컷,9,39,중립,혼합색계열,아니오,미상,입양
1481,믹스견,수컷,3,3,중립,흰색계열,아니오,미상,미입양
1482,믹스견,수컷,2,3,중립,혼합색계열,아니오,미상,미입양
1483,믹스견,수컷,2,3,중립,흰색계열,아니오,미상,입양
1484,믹스견,암컷,4,39,중립,혼합색계열,아니오,털이 지저분하며 심하게 엉켜있음,입양
1485,믹스견,수컷,4,147,중립,혼합색계열,아니오,털이 지저분하며 심하게 엉켜있음,입양
1486,포메라니안,수컷,4,75,중립,혼합색계열,아니오,"털이 많이 자라고 엉켜있음, 항문쪽 배변들이 뭉쳐있음.",입양
1487,믹스견,수컷,18,27,중립,황색계열,아니오,미상,입양
1488,스피츠,암컷,13,63,중립,흰색계열,미상,"탈모피부병, 꼬리 말려있음",입양
1489,믹스견,수컷,16,51,중립,혼합색계열,아니오,포낭염 의심,미입양
1490,믹스견,수컷,20,27,사람을 경계함,흰색계열,미상,미상,미입양
1491,퍼그,수컷,6,39,중립,흰색계열,아니오,미상,입양
1492,포메라니안,수컷,3,27,중립,흰색계열,예,미상,입양
1493,믹스견,암컷,18,147,중립,흰색계열,미상,미상,미입양
1494,믹스견,암컷,4,3,중립,흰색계열,아니오,귀 뒷쪽 털빠짐 있음 (피부병),미입양
1495,믹스견,암컷,18,39,중립,흰색계열,미상,미상,미입양
1496,믹스견,수컷,5,3,사람을 경계함,흰색계열,아니오,미상,미입양
1497,믹스견,수컷,5,3,사람을 경계함,흰색계열,아니오,미상,미입양
1498,믹스견,수컷,5,3,사람을 경계함,흰색계열,아니오,미상,미입양
1499,믹스견,수컷,5,3,사람을 경계함,흰색계열,아니오,미상,미입양
1500,믹스견,수컷,5,3,사람을 경계함,흰색계열,아니오,미상,미입양
1501,믹스견,암컷,5,3,사람을 경계함,흰색계열,아니오,미상,미입양
1502,믹스견,암컷,5,3,사람을 경계함,흰색계열,아니오,미상,미입양
1503,믹스견,암컷,10,51,사람을 경계함,흰색계열,아니오,미상,미입양
1504,믹스견,수컷,3,2,중립,황색계열,아니오,발이 큼,미입양
1505,믹스견,수컷,10,26,중립,흰색계열,아니오,"살이 깊게 파인 상태, 예후 불량",입양
1506,믹스견,수컷,20,38,중립,황색계열,아니오,미상,미입양
1507,믹스견,수컷,12,38,사람을 경계함,흰색계열,아니오,콧잔등 피부가 좋지 않음,미입양
1508,믹스견,수컷,17,26,중립,흰색계열,아니오,미상,미입양
1509,믹스견,수컷,3,2,사람을 경계함,혼합색계열,아니오,코끝 말라있음,미입양
1510,믹스견,수컷,3,2,사람을 경계함,검정색계열,아니오,코끝 말라있음,입양
1511,믹스견,수컷,3,2,사람을 경계함,검정색계열,아니오,코끝 말라있음,미입양
1512,믹스견,암컷,3,2,사람을 경계함,검정색계열,아니오,코끝 말라있음,미입양
1513,믹스견,암컷,4,2,중립,흰색계열,아니오,피부염(털빠짐) 있음,미입양
1514,믹스견,암컷,13,26,중립,혼합색계열,미상,미상,미입양
1515,믹스견,수컷,13,26,중립,흰색계열,미상,미상,미입양
1516,믹스견,수컷,17,50,중립,혼합색계열,미상,눈 결막염과 염증이 매우 심함,미입양
1517,삽살개,수컷,25,74,사람을 경계함,흰색계열,아니오,"도깨비풀이 많이 붙어있음, 털이 많이 엉켜있음",입양
1518,믹스견,수컷,5,2,중립,검정색계열,아니오,미상,미입양
1519,믹스견,암컷,5,2,중립,황색계열,아니오,미상,미입양
1520,믹스견,암컷,3.5,2,중립,혼합색계열,아니오,미상,입양
1521,믹스견,암컷,6,38,중립,혼합색계열,미상,미상,입양
1522,푸들,암컷,6,74,중립,갈색계열,미상,털이 많이 엉켜있으며 코끝이 까져있음.,입양
1523,페키니즈,수컷,5,50,사람을 경계함,흰색계열,아니오,털이 엉켜있음,입양
1524,믹스견,수컷,3.5,2,중립,흰색계열,아니오,"오른쪽 발목 피부박리, 앞다리 뒷다리 마비와 골절, 예후가 좋지 않음",미입양
1525,믹스견,암컷,1,2,중립,혼합색계열,아니오,미상,입양
1526,믹스견,수컷,1,2,중립,혼합색계열,아니오,건강함,미입양
1527,믹스견,수컷,1,2,중립,혼합색계열,아니오,건강함,입양
1528,믹스견,수컷,1,2,중립,검정색계열,아니오,발부분만 흰색,미입양
1529,믹스견,수컷,1.5,2,중립,흰색계열,아니오,미상,미입양
1530,푸들,수컷,3,122,중립,황색계열,아니오,"치석이 심하며 백내장이 의심됨, 기력이 없음.",입양
1531,믹스견,수컷,3.5,2,사람을 잘 따름,검정색계열,아니오,미상,입양
1532,믹스견,암컷,3.5,2,사람을 잘 따름,혼합색계열,아니오,미상,미입양
1533,말티즈,수컷,3,62,중립,흰색계열,아니오,"백내장 의심, 많이 마름",입양
1534,믹스견,수컷,3,2,중립,황색계열,아니오,미상,입양
1535,믹스견,수컷,3,2,중립,혼합색계열,아니오,미상,미입양
1536,믹스견,수컷,3,2,중립,혼합색계열,아니오,미상,미입양
1537,믹스견,암컷,3,2,중립,혼합색계열,아니오,미상,미입양
1538,믹스견,수컷,10,50,사람을 잘 따름,흰색계열,아니오,미상,미입양
1539,믹스견,수컷,17,37,중립,혼합색계열,아니오,미상,미입양
1540,믹스견,수컷,20,25,사람을 경계함,흰색계열,아니오,기력이 없는 편,미입양
1541,믹스견,수컷,1.2,1,중립,혼합색계열,아니오,미상,미입양
1542,믹스견,수컷,1.2,1,중립,혼합색계열,아니오,미상,미입양
1543,믹스견,수컷,1.2,1,중립,혼합색계열,아니오,미상,미입양
1544,믹스견,수컷,1.2,1,중립,혼합색계열,아니오,미상,미입양
1545,믹스견,암컷,1.2,1,중립,혼합색계열,아니오,미상,미입양
1546,믹스견,암컷,15,37,중립,흰색계열,아니오,미상,미입양
1547,믹스견,수컷,8,1,중립,흰색계열,아니오,건강함,미입양
1548,믹스견,암컷,5,49,중립,황색계열,미상,미상,입양
1549,믹스견,암컷,1.5,1,사람을 잘 따름,황색계열,아니오,미상,미입양
1550,믹스견,수컷,1.5,1,사람을 잘 따름,흰색계열,아니오,미상,미입양
1551,믹스견,암컷,15,37,사람을 잘 따름,황색계열,미상,미상,미입양
1552,믹스견,수컷,27,49,사람을 잘 따름,황색계열,아니오,미상,미입양
1553,치와와,암컷,3.8,49,사람을 잘 따름,혼합색계열,미상,미상,입양
1554,말라뮤트,암컷,23,61,사람을 잘 따름,혼합색계열,미상,털갈이 중,미입양
1555,믹스견,수컷,4,1,사람을 잘 따름,흰색계열,아니오,미상,미입양
1556,믹스견,암컷,4,1,사람을 잘 따름,황색계열,아니오,미상,미입양
1557,믹스견,수컷,20,37,사람을 잘 따름,흰색계열,아니오,미상,미입양
1558,믹스견,암컷,17,61,사람을 잘 따름,검정색계열,미상,미상,미입양
1559,믹스견,수컷,18,25,사람을 잘 따름,흰색계열,아니오,미상,미입양
1560,믹스견,암컷,17,37,사람을 잘 따름,검정색계열,미상,미상,미입양
1561,믹스견,암컷,20,37,사람을 잘 따름,혼합색계열,미상,미상,미입양
1562,믹스견,암컷,18,25,사람을 잘 따름,혼합색계열,미상,미상,미입양
1563,믹스견,수컷,18,37,사람을 잘 따름,검정색계열,아니오,미상,미입양
1564,믹스견,암컷,13,25,사람을 잘 따름,흰색계열,미상,미상,미입양
1565,믹스견,수컷,12,49,사람을 잘 따름,혼합색계열,아니오,미상,미입양
1566,믹스견,수컷,22,73,사람을 잘 따름,혼합색계열,아니오,미상,미입양
1567,믹스견,수컷,9,1,사람을 잘 따름,흰색계열,아니오,미상,미입양
1568,믹스견,암컷,3,1,사람을 경계함,혼합색계열,아니오,미상,미입양
1569,믹스견,암컷,3,1,사람을 경계함,흰색계열,아니오,미상,미입양
1570,올드 잉글리쉬 쉽독,암컷,15,37,사람을 잘 따름,혼합색계열,미상,미상,입양
1571,믹스견,암컷,2,1,사람을 경계함,혼합색계열,아니오,미상,미입양
1572,믹스견,수컷,8,49,사람을 경계함,황색계열,미상,미상,미입양
1573,믹스견,수컷,12,145,사람을 잘 따름,흰색계열,아니오,미상,미입양
1574,믹스견,암컷,12,145,사람을 잘 따름,흰색계열,미상,결막염 있음,미입양
1575,믹스견,암컷,2.5,1,사람을 경계함,황색계열,아니오,미상,미입양
1576,믹스견,암컷,2.5,1,사람을 경계함,황색계열,아니오,미상,미입양
1577,믹스견,암컷,2.5,1,사람을 경계함,황색계열,아니오,미상,미입양
1578,믹스견,암컷,2.5,1,사람을 경계함,황색계열,아니오,미상,미입양
1579,믹스견,암컷,2.5,1,사람을 경계함,황색계열,아니오,미상,미입양
1580,믹스견,암컷,2.5,1,사람을 경계함,황색계열,아니오,미상,미입양
1581,믹스견,수컷,2.5,1,사람을 경계함,황색계열,아니오,미상,미입양
1582,믹스견,수컷,2.5,1,사람을 경계함,황색계열,아니오,미상,미입양
1583,삽살개,암컷,16,37,중립,회색계열,미상,미상,입양
1584,믹스견,수컷,18,37,중립,혼합색계열,아니오,"교통사고로 인한 관골골절, 기립불능",미입양
1585,믹스견,수컷,17,25,사람을 잘 따름,검정색계열,아니오,미상,미입양
1586,진도견,수컷,16,25,사람을 잘 따름,흰색계열,아니오,밥 잘먹음,입양
1587,비숑 프리제,수컷,6.5,37,중립,흰색계열,아니오,"옆구리쪽 피부병이 있음, 많이 아파함",입양
1588,믹스견,수컷,18,37,중립,흰색계열,아니오,입쪽에 상처있음,입양
1589,믹스견,암컷,2,1,중립,혼합색계열,아니오,미상,미입양
1590,믹스견,수컷,2,1,중립,검정색계열,아니오,미상,미입양
1591,프렌치 불독,수컷,6,37,사람을 잘 따름,혼합색계열,예,미상,입양
1592,푸들,수컷,2,1,중립,회색계열,아니오,기력이 없으며 잘 걷지를 못함,입양
1593,믹스견,암컷,5,37,사람을 잘 따름,혼합색계열,미상,미상,입양
1594,믹스견,수컷,6.5,37,사람을 경계함,흰색계열,아니오,미상,입양
1595,믹스견,수컷,10,12,사람을 잘 따름,혼합색계열,아니오,미상,미입양
1596,믹스견,암컷,8,12,중립,혼합색계열,아니오,미상,미입양
1597,라브라도 리트리버,암컷,30,60,사람을 잘 따름,흰색계열,미상,미상,입양
1598,믹스견,암컷,4,12,중립,흰색계열,아니오,다리가 매우매우 짧음,미입양
1599,믹스견,암컷,4,12,중립,검정색계열,아니오,미상,미입양
1600,믹스견,암컷,11,156,사람을 잘 따름,혼합색계열,미상,미상,미입양
1601,믹스견,수컷,25,48,중립,흰색계열,아니오,힘이 없고 의식이 흐릿함,미입양
1602,믹스견,수컷,13,60,사람을 잘 따름,황색계열,아니오,미상,미입양
1603,믹스견,암컷,3,12,사람을 경계함,황색계열,아니오,미상,미입양
1604,믹스견,수컷,3,12,사람을 경계함,황색계열,아니오,미상,미입양
1605,믹스견,수컷,3,12,사람을 경계함,황색계열,아니오,미상,미입양
1606,믹스견,암컷,3,12,사람을 잘 따름,혼합색계열,아니오,미상,입양
1607,믹스견,암컷,4,12,중립,검정색계열,아니오,미상,미입양
1608,믹스견,암컷,4,12,중립,검정색계열,아니오,미상,미입양
1609,믹스견,암컷,4,12,중립,검정색계열,아니오,미상,미입양
1610,믹스견,수컷,4,12,사람을 잘 따름,흰색계열,아니오,미상,미입양
1611,진도견,수컷,23,48,사람을 잘 따름,흰색계열,미상,미상,미입양
1612,말티즈,암컷,3.5,60,사람을 경계함,흰색계열,미상,"털이 많이 엉킴, 혈뇨를 봄",입양
1613,믹스견,수컷,20,156,사람을 경계함,흰색계열,아니오,미상,미입양
1614,믹스견,수컷,15,156,사람을 경계함,검정색계열,아니오,미상,미입양
1615,믹스견,수컷,18,36,중립,흰색계열,아니오,미상,입양
1616,믹스견,암컷,8,156,사람을 잘 따름,혼합색계열,미상,밥을 잘 먹음,입양
1617,푸들,수컷,6.5,96,사람을 잘 따름,갈색계열,예,중성화 돼있음,미입양
1618,치와와,암컷,3.5,48,사람을 경계함,흰색계열,미상,미상,입양
1619,믹스견,암컷,14,156,사람을 잘 따름,흰색계열,아니오,기력이 없음,미입양
1620,믹스견,암컷,17,48,사람을 잘 따름,황색계열,미상,미상,미입양
1621,진도견,수컷,25,72,사람을 잘 따름,흰색계열,아니오,심장사상충 양성,미입양
1622,믹스견,수컷,17,48,사람을 경계함,흰색계열,아니오,미상,미입양
1623,믹스견,암컷,9,48,사람을 잘 따름,혼합색계열,미상,심장사상충 양성,미입양
1624,라브라도 리트리버,암컷,25,48,사람을 잘 따름,검정색계열,미상,심장사상충 양성,입양
1625,믹스견,수컷,17,60,사람을 잘 따름,흰색계열,아니오,뒷발 털 빠짐 있음,미입양
1626,믹스견,암컷,12,12,사람을 잘 따름,황색계열,아니오,미상,미입양
1627,진도견,수컷,25,72,중립,흰색계열,아니오,미상,입양
1628,믹스견,암컷,1,12,중립,검정색계열,아니오,미상,입양
1629,믹스견,수컷,1.5,12,중립,혼합색계열,아니오,미상,입양
1630,믹스견,수컷,25,36,사람을 잘 따름,흰색계열,아니오,미상,미입양
1631,믹스견,수컷,8,60,중립,황색계열,아니오,"양쪽 뒷다리 관골골절, 기립불능",미입양
1632,골든 리트리버,수컷,22,84,사람을 잘 따름,황색계열,아니오,심장사상충 양성,입양
1633,믹스견,암컷,20,132,사람을 잘 따름,황색계열,미상,심장사상충 양성이 의심됨,미입양
1634,믹스견,수컷,5.5,36,사람을 잘 따름,황색계열,미상,미상,입양
1635,믹스견,수컷,17,48,사람을 잘 따름,흰색계열,아니오,미상,미입양
1636,믹스견,수컷,18,36,중립,흰색계열,아니오,안구충혈이 심함,미입양
1637,푸들,수컷,5.5,84,중립,갈색계열,아니오,미상,입양
1638,믹스견,암컷,2.5,12,사람을 잘 따름,황색계열,아니오,미상,입양
1639,믹스견,수컷,3,12,사람을 잘 따름,황색계열,아니오,미상,입양
1640,믹스견,암컷,4,155,사람을 잘 따름,혼합색계열,미상,미상,입양
1641,믹스견,수컷,14,95,사람을 잘 따름,흰색계열,예,발톱이 많이 길며 배꼽탈장 의심,미입양
1642,믹스견,암컷,10,35,사람을 잘 따름,흰색계열,미상,많이 마름,미입양
1643,믹스견,암컷,20,71,사람을 잘 따름,혼합색계열,미상,심장사상충 양성,미입양
1644,골든 리트리버,암컷,10,11,사람을 잘 따름,흰색계열,아니오,매우 마름,입양
1645,믹스견,암컷,17,71,사람을 잘 따름,흰색계열,아니오,심장사상충 양성,미입양
1646,믹스견,암컷,25,95,사람을 잘 따름,혼합색계열,아니오,"심장사상충 양성, 젖이 많이 불어있음",미입양
1647,믹스견,수컷,9,35,사람을 잘 따름,혼합색계열,아니오,미상,미입양
1648,믹스견,수컷,18,35,사람을 잘 따름,흰색계열,아니오,미상,입양
1649,믹스견,수컷,3.5,11,사람을 경계함,혼합색계열,아니오,다리 짧음,입양
1650,믹스견,수컷,3.5,11,중립,흰색계열,아니오,다리 짧음,입양
1651,코카 스파니엘,수컷,7,35,중립,흰색계열,아니오,미상,입양
1652,코카 스파니엘,수컷,7,35,중립,흰색계열,아니오,미상,입양
1653,믹스견,수컷,13,35,사람을 잘 따름,혼합색계열,아니오,미상,미입양
1654,믹스견,수컷,13,35,사람을 잘 따름,회색계열,아니오,미상,미입양
1655,믹스견,수컷,2.5,11,사람을 잘 따름,황색계열,아니오,미상,미입양
1656,믹스견,암컷,2.5,11,사람을 경계함,황색계열,아니오,미상,미입양
1657,믹스견,암컷,2.5,11,사람을 경계함,황색계열,아니오,미상,미입양
1658,믹스견,암컷,2.5,11,사람을 경계함,황색계열,아니오,미상,미입양
1659,믹스견,암컷,6,11,중립,검정색계열,아니오,미상,미입양
1660,믹스견,암컷,3.5,35,사람을 잘 따름,황색계열,아니오,생리중,입양
1661,믹스견,수컷,2.5,11,중립,흰색계열,아니오,미상,미입양
1662,믹스견,암컷,2.5,11,중립,흰색계열,아니오,미상,미입양
1663,믹스견,암컷,2.5,11,중립,흰색계열,아니오,미상,미입양
1664,믹스견,수컷,8,47,중립,혼합색계열,아니오,"뒷다리 상처, 치료 필요",미입양
1665,믹스견,암컷,8,47,사람을 잘 따름,혼합색계열,아니오,밥 잘먹음,미입양
1666,믹스견,수컷,8,11,사람을 잘 따름,황색계열,아니오,미상,미입양
1667,믹스견,암컷,8,11,사람을 잘 따름,흰색계열,미상,미상,미입양
1668,믹스견,수컷,2.5,11,중립,혼합색계열,아니오,미상,입양
1669,올드 잉글리쉬 불독,암컷,13,47,사람을 잘 따름,혼합색계열,미상,미상,입양
1670,푸들,암컷,4,47,사람을 잘 따름,흰색계열,미상,등쪽에 상처(피부병) 있음,입양
1671,푸들,수컷,6,71,사람을 잘 따름,갈색계열,아니오,검사결과 심장사상충 양성,입양
1672,푸들,암컷,2.8,83,사람을 잘 따름,갈색계열,미상,미상,입양
1673,라브라도 리트리버,수컷,25,47,중립,검정색계열,아니오,"결막염 증상, 앞다리 뒷쪽 까짐, 심장사상충 양성",미입양
1674,믹스견,암컷,25,59,사람을 잘 따름,흰색계열,아니오,미상,미입양
1675,믹스견,암컷,9,11,사람을 잘 따름,흰색계열,아니오,미상,입양
1676,푸들,수컷,3.5,11,사람을 잘 따름,흰색계열,아니오,미상,입양
1677,믹스견,암컷,0.35,10,중립,검정색계열,아니오,미상,미입양
1678,믹스견,수컷,0.35,10,중립,검정색계열,아니오,미상,미입양
1679,믹스견,암컷,0.34,10,중립,갈색계열,아니오,미상,미입양
1680,믹스견,수컷,0.34,10,중립,갈색계열,아니오,미상,미입양
1681,믹스견,수컷,0.34,10,중립,흰색계열,아니오,미상,미입양
1682,믹스견,암컷,0.35,10,중립,흰색계열,아니오,미상,미입양
1683,믹스견,암컷,16,58,사람을 경계함,흰색계열,아니오,눈에 염증이 있으며 눈꼽이 많이 낀 상태.,미입양
1684,믹스견,수컷,7,46,사람을 잘 따름,혼합색계열,아니오,눈에 황색반점이 있으며 눈물자국이 많음,미입양
1685,말티즈,암컷,4,130,중립,흰색계열,미상,피부털빠짐이 심함(전신탈모),미입양
1686,믹스견,암컷,18,58,사람을 경계함,흰색계열,아니오,젖이 많이 불어있음,입양
1687,믹스견,암컷,3.5,10,사람을 잘 따름,회색계열,아니오,미상,미입양
1688,믹스견,암컷,3,10,사람을 잘 따름,흰색계열,아니오,미상,미입양
1689,믹스견,암컷,3,10,사람을 잘 따름,흰색계열,아니오,미상,미입양
1690,믹스견,수컷,3,10,사람을 잘 따름,흰색계열,아니오,미상,미입양
1691,믹스견,수컷,3,10,사람을 잘 따름,흰색계열,아니오,미상,입양
1692,믹스견,수컷,3,10,사람을 잘 따름,흰색계열,아니오,미상,미입양
1693,믹스견,수컷,3,10,사람을 잘 따름,흰색계열,아니오,미상,미입양
1694,믹스견,수컷,8,10,사람을 잘 따름,흰색계열,아니오,미상,미입양
1695,믹스견,수컷,10,10,사람을 잘 따름,흰색계열,아니오,미상,미입양
1696,라브라도 리트리버,암컷,30,94,사람을 잘 따름,혼합색계열,아니오,임신상태(가능성),입양
1697,믹스견,암컷,15,46,중립,검정색계열,아니오,"피부병(모낭충) 전신 감염, 예후가 좋지 않음",미입양
1698,믹스견,암컷,8,46,중립,황색계열,미상,"안면 피부염 감염, 머리와 허리쪽 피부 빠짐 있음",미입양
1699,올드 잉글리쉬 불독,암컷,10,82,사람을 잘 따름,혼합색계열,미상,미상,미입양
1700,믹스견,암컷,3.5,46,중립,흰색계열,아니오,미상,입양
1701,믹스견,수컷,10,82,중립,혼합색계열,아니오,"주관절(우측)골절 및 전신피부병(기생충성) 감염, 예후가 좋지 않음.",미입양
1702,라브라도 리트리버,수컷,35,70,사람을 잘 따름,혼합색계열,아니오,밥도 잘 먹음,입양
1703,믹스견,암컷,3,10,사람을 잘 따름,흰색계열,아니오,미상,입양
1704,믹스견,암컷,2.5,10,중립,황색계열,아니오,전신피부병 있음,미입양
1705,믹스견,암컷,2.5,10,중립,황색계열,아니오,전신피부병 있음,미입양
1706,믹스견,수컷,2.5,10,중립,검정색계열,아니오,전신피부병 있음,미입양
1707,믹스견,암컷,2.5,10,중립,검정색계열,아니오,전신피부병 있음,미입양
1708,믹스견,수컷,2.5,10,중립,흰색계열,아니오,전신피부병 있음,미입양
1709,믹스견,암컷,20,58,사람을 경계함,황색계열,미상,임신상태(가능성)로 추정됨,미입양
1710,믹스견,암컷,4,10,사람을 잘 따름,흰색계열,아니오,미상,미입양
1711,삽살개,수컷,25,82,중립,혼합색계열,미상,털이 심하게 뭉쳐있으며 털갈이 함.,미입양
1712,믹스견,수컷,3,10,중립,검정색계열,아니오,미상,입양
1713,믹스견,암컷,3,10,중립,검정색계열,아니오,미상,미입양
1714,믹스견,암컷,3,10,중립,검정색계열,아니오,미상,입양
1715,믹스견,암컷,3,10,중립,흰색계열,아니오,미상,미입양
1716,믹스견,암컷,3,10,중립,흰색계열,아니오,미상,미입양
1717,믹스견,암컷,20,46,중립,검정색계열,아니오,미상,미입양
1718,믹스견,수컷,11,46,사람을 잘 따름,갈색계열,아니오,미상,미입양
1719,믹스견,수컷,13,46,사람을 경계함,혼합색계열,아니오,미상,미입양
1720,치와와,암컷,4.5,94,사람을 잘 따름,검정색계열,미상,백내장이 의심됨,입양
1721,믹스견,암컷,2,10,사람을 경계함,혼합색계열,아니오,미상,미입양
1722,믹스견,암컷,2,10,사람을 경계함,혼합색계열,아니오,미상,미입양
1723,믹스견,수컷,2,10,사람을 경계함,흰색계열,아니오,미상,미입양
1724,믹스견,암컷,2,10,사람을 경계함,황색계열,아니오,미상,미입양
1725,웰시 코기 카디건,수컷,12,70,사람을 잘 따름,혼합색계열,아니오,미상,입양
1726,말티즈,수컷,3,82,중립,흰색계열,아니오,"하악(좌측)결손, 예후가 좋지 않음",미입양
1727,믹스견,수컷,4,10,중립,흰색계열,아니오,미상,미입양
1728,믹스견,수컷,4,10,중립,흰색계열,아니오,미상,미입양
1729,말티즈,암컷,1.8,130,사람을 잘 따름,흰색계열,미상,복부쪽 탈장이 의심됨,미입양
1730,믹스견,암컷,4,10,사람을 잘 따름,황색계열,아니오,미상,입양
1731,믹스견,암컷,0.6,10,사람을 잘 따름,검정색계열,아니오,미상,입양
1732,믹스견,수컷,0.6,10,사람을 잘 따름,흰색계열,아니오,미상,입양
1733,푸들,암컷,2.7,58,사람을 경계함,회색계열,미상,요골 골절,입양
1734,믹스견,암컷,20,94,중립,흰색계열,아니오,"전신 구더기 감염, 걷지를 못하며 예후가 좋지 않음",미입양
1735,믹스견,수컷,0.8,10,사람을 잘 따름,혼합색계열,아니오,미상,미입양
1736,믹스견,암컷,6,34,사람을 경계함,흰색계열,아니오,미상,미입양
1737,진도견,수컷,30,34,사람을 잘 따름,흰색계열,미상,움직임이 거의 없음,미입양
1738,믹스견,수컷,10,154,사람을 경계함,혼합색계열,아니오,미상,미입양
1739,믹스견,수컷,6,154,사람을 경계함,흰색계열,아니오,아래 치아 부정교합 있음,미입양
1740,믹스견,수컷,9,34,사람을 경계함,흰색계열,아니오,미상,미입양
1741,믹스견,수컷,9,34,사람을 경계함,검정색계열,아니오,미상,미입양
1742,믹스견,암컷,6,154,중립,황색계열,미상,미상,미입양
1743,믹스견,암컷,7,154,중립,혼합색계열,미상,미상,미입양
1744,믹스견,암컷,10,10,사람을 잘 따름,황색계열,미상,피부병이 심함,미입양
1745,믹스견,수컷,2,10,중립,검정색계열,아니오,미상,미입양
1746,믹스견,암컷,2,10,중립,혼합색계열,아니오,미상,입양
1747,믹스견,수컷,2,10,중립,황색계열,아니오,미상,미입양
1748,믹스견,암컷,2,10,중립,황색계열,아니오,미상,미입양
1749,믹스견,수컷,27,58,중립,흰색계열,아니오,피부병이 심함,미입양
1750,믹스견,암컷,0.3,10,중립,흰색계열,아니오,미상,입양
1751,믹스견,암컷,0.3,10,중립,흰색계열,아니오,미상,입양
1752,믹스견,암컷,0.3,10,중립,혼합색계열,아니오,미상,미입양
1753,믹스견,암컷,0.3,10,중립,검정색계열,아니오,미상,미입양
1754,믹스견,수컷,0.3,10,중립,검정색계열,아니오,미상,입양
1755,믹스견,암컷,12,58,중립,흰색계열,아니오,미상,미입양
1756,푸들,암컷,4,106,사람을 잘 따름,갈색계열,미상,털이 많이 엉켜있음,미입양
1757,믹스견,수컷,4,82,사람을 잘 따름,혼합색계열,아니오,미상,미입양
1758,믹스견,암컷,2.5,9,중립,흰색계열,아니오,미상,미입양
1759,믹스견,암컷,2.5,9,중립,황색계열,아니오,미상,미입양
1760,믹스견,암컷,2.5,9,중립,황색계열,아니오,미상,미입양
1761,믹스견,수컷,2.5,9,중립,황색계열,아니오,미상,미입양
1762,포메라니안,수컷,3.8,57,사람을 잘 따름,혼합색계열,예,미상,입양
1763,믹스견,암컷,10,57,사람을 잘 따름,혼합색계열,미상,미상,미입양
1764,믹스견,암컷,22,69,사람을 잘 따름,흰색계열,아니오,미상,미입양
1765,믹스견,수컷,2.5,9,사람을 잘 따름,황색계열,아니오,미상,미입양
1766,믹스견,암컷,2.5,9,사람을 경계함,황색계열,아니오,미상,미입양
1767,믹스견,수컷,1.5,9,사람을 잘 따름,혼합색계열,아니오,미상,입양
1768,믹스견,수컷,3.59,45,사람을 잘 따름,흰색계열,아니오,미상,입양
1769,믹스견,수컷,7,45,사람을 잘 따름,혼합색계열,예,몸에 재색 반점이 있음,입양
1770,믹스견,수컷,4,9,사람을 잘 따름,흰색계열,아니오,미상,미입양
1771,믹스견,암컷,18,45,사람을 잘 따름,흰색계열,미상,미상,미입양
1772,푸들,수컷,6,57,중립,갈색계열,아니오,미상,입양
1773,믹스견,수컷,10,33,사람을 잘 따름,혼합색계열,미상,미상,미입양
1774,푸들,암컷,6.5,105,사람을 잘 따름,갈색계열,미상,미상,입양
1775,퍼그,암컷,7,33,사람을 잘 따름,검정색계열,미상,혀를 계속 내밀고 있음,입양
1776,진도견,암컷,20,45,사람을 잘 따름,흰색계열,아니오,"결막염, 생리",미입양
1777,저먼 셰퍼드 독,암컷,27,81,중립,갈색계열,미상,미상,입양
1778,믹스견,수컷,4,69,사람을 잘 따름,흰색계열,미상,미상,입양
1779,믹스견,암컷,0.85,9,중립,흰색계열,아니오,미상,입양
1780,믹스견,암컷,0.85,9,중립,흰색계열,아니오,미상,입양
1781,믹스견,수컷,0.85,9,중립,흰색계열,아니오,미상,입양
1782,믹스견,암컷,3,45,사람을 잘 따름,황색계열,아니오,미상,입양
1783,푸들,수컷,5,69,사람을 경계함,갈색계열,미상,털빠짐이 살짝 있음,입양
1784,푸들,수컷,6,93,사람을 잘 따름,갈색계열,아니오,털이 심하게 엉켜있음,입양
1785,믹스견,수컷,2,9,사람을 잘 따름,황색계열,아니오,미상,미입양
1786,진도견,수컷,17,57,사람을 잘 따름,흰색계열,아니오,매우 많이 마름,미입양
1787,말티즈,수컷,3.5,69,사람을 잘 따름,흰색계열,예,미상,입양
1788,믹스견,암컷,8,57,사람을 잘 따름,흰색계열,미상,미상,입양
1789,믹스견,수컷,1.5,9,중립,흰색계열,아니오,미상,입양
1790,믹스견,수컷,1.5,9,중립,흰색계열,아니오,미상,입양
1791,믹스견,수컷,1.5,9,중립,흰색계열,아니오,미상,입양
1792,믹스견,수컷,1.5,9,중립,흰색계열,아니오,미상,입양
1793,믹스견,암컷,1.5,9,중립,흰색계열,아니오,미상,미입양
1794,믹스견,암컷,1.5,9,중립,흰색계열,아니오,미상,미입양
1795,믹스견,암컷,1.5,9,중립,흰색계열,아니오,미상,미입양
1796,믹스견,암컷,22,45,중립,흰색계열,아니오,미상,미입양
1797,믹스견,암컷,11,33,사람을 잘 따름,흰색계열,미상,미상,미입양
1798,믹스견,수컷,10,33,사람을 잘 따름,황색계열,미상,미상,미입양
1799,진도견,수컷,25,81,중립,검정색계열,아니오,미상,입양
1800,말티즈,암컷,3.3,129,중립,흰색계열,미상,"복부쪽 3cm 종양 2개, 복수 과다, 호흡 곤란, 예후 좋지 않음",미입양
1801,믹스견,암컷,5,57,사람을 잘 따름,혼합색계열,미상,미상,입양
1802,믹스견,암컷,3.5,9,사람을 잘 따름,혼합색계열,미상,미상,입양
1803,믹스견,수컷,3.5,153,중립,검정색계열,아니오,미상,미입양
1804,믹스견,암컷,3.5,153,사람을 잘 따름,검정색계열,아니오,미상,입양
1805,말티즈,수컷,4,45,사람을 잘 따름,흰색계열,아니오,미상,입양
1806,믹스견,암컷,18,45,중립,황색계열,아니오,"전신피부명, 모낭충의심",미입양
1807,믹스견,수컷,10,153,사람을 경계함,흰색계열,아니오,힘이 없음,미입양
1808,믹스견,암컷,8,9,중립,혼합색계열,미상,"교통사고(관골 및 대퇴골골절)로 인한 기립불능, 의식없음",미입양
1809,믹스견,암컷,9,45,중립,흰색계열,미상,미상,미입양
1810,셰퍼드,수컷,24,93,사람을 잘 따름,혼합색계열,미상,털갈이함,입양
1811,말티즈,암컷,2.7,93,중립,흰색계열,미상,결막염이 심하며 백내장 진행이 의심됨.,입양
1812,믹스견,암컷,5,45,중립,검정색계열,미상,미상,입양
1813,믹스견,암컷,3.5,93,사람을 잘 따름,흰색계열,미상,미상,입양
1814,불독,암컷,16,69,사람을 잘 따름,혼합색계열,미상,미상,입양
1815,시베리안 허스키,수컷,8,8,사람을 잘 따름,혼합색계열,아니오,미상,입양
1816,시베리안 허스키,수컷,23,68,사람을 잘 따름,혼합색계열,아니오,우측 하악 앞니부터 송곳니 치아 및 잇몸 손상,미입양
1817,푸들,수컷,5,80,중립,갈색계열,미상,미용 돼 있음,입양
1818,포메라니안,수컷,3.5,32,사람을 잘 따름,황색계열,미상,호흡기가 좋지 않음,미입양
1819,믹스견,암컷,2.2,8,사람을 잘 따름,흰색계열,아니오,미상,미입양
1820,믹스견,수컷,20,152,사람을 잘 따름,흰색계열,미상,미상,미입양
1821,진도견,암컷,25,152,사람을 잘 따름,흰색계열,미상,미상,미입양
1822,믹스견,수컷,22,152,사람을 잘 따름,황색계열,예,미상,미입양
1823,믹스견,수컷,12,152,사람을 잘 따름,흰색계열,미상,눈 밑에 딱지 있음,미입양
1824,믹스견,수컷,3,8,사람을 잘 따름,흰색계열,아니오,미상,미입양
1825,믹스견,암컷,12,152,사람을 잘 따름,혼합색계열,아니오,미상,미입양
1826,진도견,수컷,20,68,사람을 잘 따름,흰색계열,아니오,미상,미입양
1827,진도견,암컷,13,32,사람을 잘 따름,흰색계열,미상,미상,입양
1828,진도견,암컷,18,44,사람을 잘 따름,흰색계열,미상,미상,입양
1829,푸들,암컷,4,92,사람을 잘 따름,갈색계열,미상,미상,입양
1830,믹스견,수컷,17,44,중립,흰색계열,미상,미상,미입양
1831,믹스견,암컷,0.25,8,중립,혼합색계열,아니오,"피부병, 설사증상 있음",입양
1832,믹스견,수컷,0.25,8,중립,혼합색계열,아니오,피부병과 설사증상 있음,입양
1833,믹스견,암컷,0.25,8,중립,갈색계열,아니오,"피부병, 설사증상 있음",입양
1834,진도견,암컷,11,152,사람을 잘 따름,흰색계열,미상,미상,미입양
1835,믹스견,암컷,5,92,사람을 잘 따름,흰색계열,미상,미상,미입양
1836,믹스견,수컷,7,152,사람을 잘 따름,흰색계열,아니오,콧잔등이 까져있으며 분홍빛을 띔,미입양
1837,믹스견,암컷,16,152,사람을 잘 따름,흰색계열,미상,미상,미입양
1838,믹스견,암컷,5,44,중립,흰색계열,미상,"부분 탈모, 꼬리가 말려 있음",미입양
1839,믹스견,암컷,9,44,중립,흰색계열,미상,"목 옆과 등어리 일부 피부염, 털 자르고 치료한 흔적 있음",미입양
1840,믹스견,수컷,7,44,중립,혼합색계열,아니오,교통사고로 인한 관골골절 및 기립불능(전신마비상태),미입양
1841,믹스견,수컷,20,56,중립,흰색계열,미상,"교통사고로 인한 후구마비, 기립불능",미입양
1842,믹스견,암컷,4,8,중립,흰색계열,아니오,미상,입양
1843,말티즈,수컷,5,44,중립,흰색계열,미상,미상,입양
1844,시츄,수컷,9,80,사람을 잘 따름,혼합색계열,미상,미상,입양
1845,믹스견,수컷,5,8,사람을 경계함,황색계열,아니오,"전신탈모, 피부병이 심함",미입양
1846,믹스견,수컷,11,44,사람을 잘 따름,흰색계열,아니오,미상,미입양
1847,믹스견,수컷,17,32,사람을 잘 따름,흰색계열,아니오,미상,미입양
1848,믹스견,암컷,5,8,사람을 잘 따름,흰색계열,아니오,미상,입양
1849,말티즈,수컷,4.2,152,사람을 잘 따름,흰색계열,예,미상,입양
1850,페키니즈,수컷,7,92,사람을 잘 따름,흰색계열,예,미상,입양
1851,믹스견,수컷,16,32,사람을 경계함,흰색계열,아니오,왼쪽 앞발목 부상,미입양
1852,진도견,수컷,20,44,사람을 잘 따름,흰색계열,아니오,미상,미입양
1853,믹스견,수컷,20,56,사람을 잘 따름,황색계열,미상,미상,입양
1854,퍼그,암컷,2.5,8,중립,검정색계열,아니오,백내장 의심,입양
1855,믹스견,수컷,15,32,사람을 경계함,흰색계열,아니오,미상,미입양
